E:\Martin\anaconda\CarND-Behavioral-Cloning-P3\traindata\additional\IMG\center_2018_05_04_15_20_37_762.jpg,E:\Martin\anaconda\CarND-Behavioral-Cloning-P3\traindata\additional\IMG\left_2018_05_04_15_20_37_762.jpg,E:\Martin\anaconda\CarND-Behavioral-Cloning-P3\traindata\additional\IMG\right_2018_05_04_15_20_37_762.jpg,-0.01408451,0,0,25.23244
E:\Martin\anaconda\CarND-Behavioral-Cloning-P3\traindata\additional\IMG\center_2018_05_04_15_20_37_833.jpg,E:\Martin\anaconda\CarND-Behavioral-Cloning-P3\traindata\additional\IMG\left_2018_05_04_15_20_37_833.jpg,E:\Martin\anaconda\CarND-Behavioral-Cloning-P3\traindata\additional\IMG\right_2018_05_04_15_20_37_833.jpg,-0.009389671,0,0,25.02967
E:\Martin\anaconda\CarND-Behavioral-Cloning-P3\traindata\additional\IMG\center_2018_05_04_15_20_37_904.jpg,E:\Martin\anaconda\CarND-Behavioral-Cloning-P3\traindata\additional\IMG\left_2018_05_04_15_20_37_904.jpg,E:\Martin\anaconda\CarND-Behavioral-Cloning-P3\traindata\additional\IMG\right_2018_05_04_15_20_37_904.jpg,0.02347418,0,0,24.87818
E:\Martin\anaconda\CarND-Behavioral-Cloning-P3\traindata\additional\IMG\center_2018_05_04_15_20_37_975.jpg,E:\Martin\anaconda\CarND-Behavioral-Cloning-P3\traindata\additional\IMG\left_2018_05_04_15_20_37_975.jpg,E:\Martin\anaconda\CarND-Behavioral-Cloning-P3\traindata\additional\IMG\right_2018_05_04_15_20_37_975.jpg,0.03755869,0,0,24.6761
E:\Martin\anaconda\CarND-Behavioral-Cloning-P3\traindata\additional\IMG\center_2018_05_04_15_20_38_046.jpg,E:\Martin\anaconda\CarND-Behavioral-Cloning-P3\traindata\additional\IMG\left_2018_05_04_15_20_38_046.jpg,E:\Martin\anaconda\CarND-Behavioral-Cloning-P3\traindata\additional\IMG\right_2018_05_04_15_20_38_046.jpg,0.04694836,0,0,24.52493
E:\Martin\anaconda\CarND-Behavioral-Cloning-P3\traindata\additional\IMG\center_2018_05_04_15_20_38_119.jpg,E:\Martin\anaconda\CarND-Behavioral-Cloning-P3\traindata\additional\IMG\left_2018_05_04_15_20_38_119.jpg,E:\Martin\anaconda\CarND-Behavioral-Cloning-P3\traindata\additional\IMG\right_2018_05_04_15_20_38_119.jpg,0.08450703,0,0,24.32327
E:\Martin\anaconda\CarND-Behavioral-Cloning-P3\traindata\additional\IMG\center_2018_05_04_15_20_38_190.jpg,E:\Martin\anaconda\CarND-Behavioral-Cloning-P3\traindata\additional\IMG\left_2018_05_04_15_20_38_190.jpg,E:\Martin\anaconda\CarND-Behavioral-Cloning-P3\traindata\additional\IMG\right_2018_05_04_15_20_38_190.jpg,0.09859154,0.213109,0,24.20649
E:\Martin\anaconda\CarND-Behavioral-Cloning-P3\traindata\additional\IMG\center_2018_05_04_15_20_38_261.jpg,E:\Martin\anaconda\CarND-Behavioral-Cloning-P3\traindata\additional\IMG\left_2018_05_04_15_20_38_261.jpg,E:\Martin\anaconda\CarND-Behavioral-Cloning-P3\traindata\additional\IMG\right_2018_05_04_15_20_38_261.jpg,0.1032864,0.3976099,0,24.27596
E:\Martin\anaconda\CarND-Behavioral-Cloning-P3\traindata\additional\IMG\center_2018_05_04_15_20_38_334.jpg,E:\Martin\anaconda\CarND-Behavioral-Cloning-P3\traindata\additional\IMG\left_2018_05_04_15_20_38_334.jpg,E:\Martin\anaconda\CarND-Behavioral-Cloning-P3\traindata\additional\IMG\right_2018_05_04_15_20_38_334.jpg,0.1032864,0.6436514,0,24.57664
E:\Martin\anaconda\CarND-Behavioral-Cloning-P3\traindata\additional\IMG\center_2018_05_04_15_20_38_406.jpg,E:\Martin\anaconda\CarND-Behavioral-Cloning-P3\traindata\additional\IMG\left_2018_05_04_15_20_38_406.jpg,E:\Martin\anaconda\CarND-Behavioral-Cloning-P3\traindata\additional\IMG\right_2018_05_04_15_20_38_406.jpg,0.1455399,0.8288162,0,24.95427
E:\Martin\anaconda\CarND-Behavioral-Cloning-P3\traindata\additional\IMG\center_2018_05_04_15_20_38_478.jpg,E:\Martin\anaconda\CarND-Behavioral-Cloning-P3\traindata\additional\IMG\left_2018_05_04_15_20_38_478.jpg,E:\Martin\anaconda\CarND-Behavioral-Cloning-P3\traindata\additional\IMG\right_2018_05_04_15_20_38_478.jpg,0.1502347,0.5807478,0,25.44104
E:\Martin\anaconda\CarND-Behavioral-Cloning-P3\traindata\additional\IMG\center_2018_05_04_15_20_38_550.jpg,E:\Martin\anaconda\CarND-Behavioral-Cloning-P3\traindata\additional\IMG\left_2018_05_04_15_20_38_550.jpg,E:\Martin\anaconda\CarND-Behavioral-Cloning-P3\traindata\additional\IMG\right_2018_05_04_15_20_38_550.jpg,0.1502347,0.3650911,0,25.70876
E:\Martin\anaconda\CarND-Behavioral-Cloning-P3\traindata\additional\IMG\center_2018_05_04_15_20_38_622.jpg,E:\Martin\anaconda\CarND-Behavioral-Cloning-P3\traindata\additional\IMG\left_2018_05_04_15_20_38_622.jpg,E:\Martin\anaconda\CarND-Behavioral-Cloning-P3\traindata\additional\IMG\right_2018_05_04_15_20_38_622.jpg,0.1502347,0.1770489,0,25.75607
E:\Martin\anaconda\CarND-Behavioral-Cloning-P3\traindata\additional\IMG\center_2018_05_04_15_20_38_694.jpg,E:\Martin\anaconda\CarND-Behavioral-Cloning-P3\traindata\additional\IMG\left_2018_05_04_15_20_38_694.jpg,E:\Martin\anaconda\CarND-Behavioral-Cloning-P3\traindata\additional\IMG\right_2018_05_04_15_20_38_694.jpg,0.1502347,0,0,25.61162
E:\Martin\anaconda\CarND-Behavioral-Cloning-P3\traindata\additional\IMG\center_2018_05_04_15_20_38_766.jpg,E:\Martin\anaconda\CarND-Behavioral-Cloning-P3\traindata\additional\IMG\left_2018_05_04_15_20_38_766.jpg,E:\Martin\anaconda\CarND-Behavioral-Cloning-P3\traindata\additional\IMG\right_2018_05_04_15_20_38_766.jpg,0.1455399,0,0,25.45788
E:\Martin\anaconda\CarND-Behavioral-Cloning-P3\traindata\additional\IMG\center_2018_05_04_15_20_38_838.jpg,E:\Martin\anaconda\CarND-Behavioral-Cloning-P3\traindata\additional\IMG\left_2018_05_04_15_20_38_838.jpg,E:\Martin\anaconda\CarND-Behavioral-Cloning-P3\traindata\additional\IMG\right_2018_05_04_15_20_38_838.jpg,0.1220657,0,0,25.25375
E:\Martin\anaconda\CarND-Behavioral-Cloning-P3\traindata\additional\IMG\center_2018_05_04_15_20_38_909.jpg,E:\Martin\anaconda\CarND-Behavioral-Cloning-P3\traindata\additional\IMG\left_2018_05_04_15_20_38_909.jpg,E:\Martin\anaconda\CarND-Behavioral-Cloning-P3\traindata\additional\IMG\right_2018_05_04_15_20_38_909.jpg,0.1079812,0.2132144,0,25.11834
E:\Martin\anaconda\CarND-Behavioral-Cloning-P3\traindata\additional\IMG\center_2018_05_04_15_20_38_980.jpg,E:\Martin\anaconda\CarND-Behavioral-Cloning-P3\traindata\additional\IMG\left_2018_05_04_15_20_38_980.jpg,E:\Martin\anaconda\CarND-Behavioral-Cloning-P3\traindata\additional\IMG\right_2018_05_04_15_20_38_980.jpg,0.1079812,0.3929065,0,25.11766
E:\Martin\anaconda\CarND-Behavioral-Cloning-P3\traindata\additional\IMG\center_2018_05_04_15_20_39_052.jpg,E:\Martin\anaconda\CarND-Behavioral-Cloning-P3\traindata\additional\IMG\left_2018_05_04_15_20_39_052.jpg,E:\Martin\anaconda\CarND-Behavioral-Cloning-P3\traindata\additional\IMG\right_2018_05_04_15_20_39_052.jpg,0.09389672,0.6417415,0,25.66086
E:\Martin\anaconda\CarND-Behavioral-Cloning-P3\traindata\additional\IMG\center_2018_05_04_15_20_39_123.jpg,E:\Martin\anaconda\CarND-Behavioral-Cloning-P3\traindata\additional\IMG\left_2018_05_04_15_20_39_123.jpg,E:\Martin\anaconda\CarND-Behavioral-Cloning-P3\traindata\additional\IMG\right_2018_05_04_15_20_39_123.jpg,0.07981221,0.8205597,0,25.75646
E:\Martin\anaconda\CarND-Behavioral-Cloning-P3\traindata\additional\IMG\center_2018_05_04_15_20_39_194.jpg,E:\Martin\anaconda\CarND-Behavioral-Cloning-P3\traindata\additional\IMG\left_2018_05_04_15_20_39_194.jpg,E:\Martin\anaconda\CarND-Behavioral-Cloning-P3\traindata\additional\IMG\right_2018_05_04_15_20_39_194.jpg,0.05633803,1,0,26.07998
E:\Martin\anaconda\CarND-Behavioral-Cloning-P3\traindata\additional\IMG\center_2018_05_04_15_20_39_265.jpg,E:\Martin\anaconda\CarND-Behavioral-Cloning-P3\traindata\additional\IMG\left_2018_05_04_15_20_39_265.jpg,E:\Martin\anaconda\CarND-Behavioral-Cloning-P3\traindata\additional\IMG\right_2018_05_04_15_20_39_265.jpg,0.03755869,1,0,26.61661
E:\Martin\anaconda\CarND-Behavioral-Cloning-P3\traindata\additional\IMG\center_2018_05_04_15_20_39_335.jpg,E:\Martin\anaconda\CarND-Behavioral-Cloning-P3\traindata\additional\IMG\left_2018_05_04_15_20_39_335.jpg,E:\Martin\anaconda\CarND-Behavioral-Cloning-P3\traindata\additional\IMG\right_2018_05_04_15_20_39_335.jpg,0.03286385,1,0,27.84971
E:\Martin\anaconda\CarND-Behavioral-Cloning-P3\traindata\additional\IMG\center_2018_05_04_15_20_39_405.jpg,E:\Martin\anaconda\CarND-Behavioral-Cloning-P3\traindata\additional\IMG\left_2018_05_04_15_20_39_405.jpg,E:\Martin\anaconda\CarND-Behavioral-Cloning-P3\traindata\additional\IMG\right_2018_05_04_15_20_39_405.jpg,0.03286385,1,0,28.39832
E:\Martin\anaconda\CarND-Behavioral-Cloning-P3\traindata\additional\IMG\center_2018_05_04_15_20_39_477.jpg,E:\Martin\anaconda\CarND-Behavioral-Cloning-P3\traindata\additional\IMG\left_2018_05_04_15_20_39_477.jpg,E:\Martin\anaconda\CarND-Behavioral-Cloning-P3\traindata\additional\IMG\right_2018_05_04_15_20_39_477.jpg,0.03286385,1,0,29.1269
E:\Martin\anaconda\CarND-Behavioral-Cloning-P3\traindata\additional\IMG\center_2018_05_04_15_20_39_549.jpg,E:\Martin\anaconda\CarND-Behavioral-Cloning-P3\traindata\additional\IMG\left_2018_05_04_15_20_39_549.jpg,E:\Martin\anaconda\CarND-Behavioral-Cloning-P3\traindata\additional\IMG\right_2018_05_04_15_20_39_549.jpg,0.03286385,1,0,29.86094
E:\Martin\anaconda\CarND-Behavioral-Cloning-P3\traindata\additional\IMG\center_2018_05_04_15_20_39_619.jpg,E:\Martin\anaconda\CarND-Behavioral-Cloning-P3\traindata\additional\IMG\left_2018_05_04_15_20_39_619.jpg,E:\Martin\anaconda\CarND-Behavioral-Cloning-P3\traindata\additional\IMG\right_2018_05_04_15_20_39_619.jpg,0.01877934,1,0,30.19191
E:\Martin\anaconda\CarND-Behavioral-Cloning-P3\traindata\additional\IMG\center_2018_05_04_15_20_39_692.jpg,E:\Martin\anaconda\CarND-Behavioral-Cloning-P3\traindata\additional\IMG\left_2018_05_04_15_20_39_692.jpg,E:\Martin\anaconda\CarND-Behavioral-Cloning-P3\traindata\additional\IMG\right_2018_05_04_15_20_39_692.jpg,-0.009389671,1,0,30.18995
E:\Martin\anaconda\CarND-Behavioral-Cloning-P3\traindata\additional\IMG\center_2018_05_04_15_20_39_763.jpg,E:\Martin\anaconda\CarND-Behavioral-Cloning-P3\traindata\additional\IMG\left_2018_05_04_15_20_39_763.jpg,E:\Martin\anaconda\CarND-Behavioral-Cloning-P3\traindata\additional\IMG\right_2018_05_04_15_20_39_763.jpg,-0.02347418,1,0,30.18959
E:\Martin\anaconda\CarND-Behavioral-Cloning-P3\traindata\additional\IMG\center_2018_05_04_15_20_39_837.jpg,E:\Martin\anaconda\CarND-Behavioral-Cloning-P3\traindata\additional\IMG\left_2018_05_04_15_20_39_837.jpg,E:\Martin\anaconda\CarND-Behavioral-Cloning-P3\traindata\additional\IMG\right_2018_05_04_15_20_39_837.jpg,-0.06103287,1,0,30.18883
E:\Martin\anaconda\CarND-Behavioral-Cloning-P3\traindata\additional\IMG\center_2018_05_04_15_20_39_908.jpg,E:\Martin\anaconda\CarND-Behavioral-Cloning-P3\traindata\additional\IMG\left_2018_05_04_15_20_39_908.jpg,E:\Martin\anaconda\CarND-Behavioral-Cloning-P3\traindata\additional\IMG\right_2018_05_04_15_20_39_908.jpg,-0.07511737,1,0,30.18878
E:\Martin\anaconda\CarND-Behavioral-Cloning-P3\traindata\additional\IMG\center_2018_05_04_15_20_39_982.jpg,E:\Martin\anaconda\CarND-Behavioral-Cloning-P3\traindata\additional\IMG\left_2018_05_04_15_20_39_982.jpg,E:\Martin\anaconda\CarND-Behavioral-Cloning-P3\traindata\additional\IMG\right_2018_05_04_15_20_39_982.jpg,-0.09389672,1,0,30.18854
E:\Martin\anaconda\CarND-Behavioral-Cloning-P3\traindata\additional\IMG\center_2018_05_04_15_20_40_058.jpg,E:\Martin\anaconda\CarND-Behavioral-Cloning-P3\traindata\additional\IMG\left_2018_05_04_15_20_40_058.jpg,E:\Martin\anaconda\CarND-Behavioral-Cloning-P3\traindata\additional\IMG\right_2018_05_04_15_20_40_058.jpg,-0.09859154,1,0,30.18886
E:\Martin\anaconda\CarND-Behavioral-Cloning-P3\traindata\additional\IMG\center_2018_05_04_15_20_40_129.jpg,E:\Martin\anaconda\CarND-Behavioral-Cloning-P3\traindata\additional\IMG\left_2018_05_04_15_20_40_129.jpg,E:\Martin\anaconda\CarND-Behavioral-Cloning-P3\traindata\additional\IMG\right_2018_05_04_15_20_40_129.jpg,-0.09859154,1,0,30.18919
E:\Martin\anaconda\CarND-Behavioral-Cloning-P3\traindata\additional\IMG\center_2018_05_04_15_20_40_203.jpg,E:\Martin\anaconda\CarND-Behavioral-Cloning-P3\traindata\additional\IMG\left_2018_05_04_15_20_40_203.jpg,E:\Martin\anaconda\CarND-Behavioral-Cloning-P3\traindata\additional\IMG\right_2018_05_04_15_20_40_203.jpg,-0.09859154,1,0,30.18932
E:\Martin\anaconda\CarND-Behavioral-Cloning-P3\traindata\additional\IMG\center_2018_05_04_15_20_40_278.jpg,E:\Martin\anaconda\CarND-Behavioral-Cloning-P3\traindata\additional\IMG\left_2018_05_04_15_20_40_278.jpg,E:\Martin\anaconda\CarND-Behavioral-Cloning-P3\traindata\additional\IMG\right_2018_05_04_15_20_40_278.jpg,-0.09859154,1,0,30.18948
E:\Martin\anaconda\CarND-Behavioral-Cloning-P3\traindata\additional\IMG\center_2018_05_04_15_20_40_350.jpg,E:\Martin\anaconda\CarND-Behavioral-Cloning-P3\traindata\additional\IMG\left_2018_05_04_15_20_40_350.jpg,E:\Martin\anaconda\CarND-Behavioral-Cloning-P3\traindata\additional\IMG\right_2018_05_04_15_20_40_350.jpg,-0.09859154,1,0,30.18953
E:\Martin\anaconda\CarND-Behavioral-Cloning-P3\traindata\additional\IMG\center_2018_05_04_15_20_40_426.jpg,E:\Martin\anaconda\CarND-Behavioral-Cloning-P3\traindata\additional\IMG\left_2018_05_04_15_20_40_426.jpg,E:\Martin\anaconda\CarND-Behavioral-Cloning-P3\traindata\additional\IMG\right_2018_05_04_15_20_40_426.jpg,-0.09859154,1,0,30.18958
E:\Martin\anaconda\CarND-Behavioral-Cloning-P3\traindata\additional\IMG\center_2018_05_04_15_20_40_502.jpg,E:\Martin\anaconda\CarND-Behavioral-Cloning-P3\traindata\additional\IMG\left_2018_05_04_15_20_40_502.jpg,E:\Martin\anaconda\CarND-Behavioral-Cloning-P3\traindata\additional\IMG\right_2018_05_04_15_20_40_502.jpg,-0.07511737,1,0,30.19003
E:\Martin\anaconda\CarND-Behavioral-Cloning-P3\traindata\additional\IMG\center_2018_05_04_15_20_40_578.jpg,E:\Martin\anaconda\CarND-Behavioral-Cloning-P3\traindata\additional\IMG\left_2018_05_04_15_20_40_578.jpg,E:\Martin\anaconda\CarND-Behavioral-Cloning-P3\traindata\additional\IMG\right_2018_05_04_15_20_40_578.jpg,-0.04694836,1,0,30.19015
E:\Martin\anaconda\CarND-Behavioral-Cloning-P3\traindata\additional\IMG\center_2018_05_04_15_20_40_656.jpg,E:\Martin\anaconda\CarND-Behavioral-Cloning-P3\traindata\additional\IMG\left_2018_05_04_15_20_40_656.jpg,E:\Martin\anaconda\CarND-Behavioral-Cloning-P3\traindata\additional\IMG\right_2018_05_04_15_20_40_656.jpg,-0.02816901,1,0,30.19004
E:\Martin\anaconda\CarND-Behavioral-Cloning-P3\traindata\additional\IMG\center_2018_05_04_15_20_40_734.jpg,E:\Martin\anaconda\CarND-Behavioral-Cloning-P3\traindata\additional\IMG\left_2018_05_04_15_20_40_734.jpg,E:\Martin\anaconda\CarND-Behavioral-Cloning-P3\traindata\additional\IMG\right_2018_05_04_15_20_40_734.jpg,-0.01408451,1,0,30.18995
E:\Martin\anaconda\CarND-Behavioral-Cloning-P3\traindata\additional\IMG\center_2018_05_04_15_20_40_810.jpg,E:\Martin\anaconda\CarND-Behavioral-Cloning-P3\traindata\additional\IMG\left_2018_05_04_15_20_40_810.jpg,E:\Martin\anaconda\CarND-Behavioral-Cloning-P3\traindata\additional\IMG\right_2018_05_04_15_20_40_810.jpg,-0.009389671,1,0,30.18995
E:\Martin\anaconda\CarND-Behavioral-Cloning-P3\traindata\additional\IMG\center_2018_05_04_15_20_40_888.jpg,E:\Martin\anaconda\CarND-Behavioral-Cloning-P3\traindata\additional\IMG\left_2018_05_04_15_20_40_888.jpg,E:\Martin\anaconda\CarND-Behavioral-Cloning-P3\traindata\additional\IMG\right_2018_05_04_15_20_40_888.jpg,0,1,0,30.18987
E:\Martin\anaconda\CarND-Behavioral-Cloning-P3\traindata\additional\IMG\center_2018_05_04_15_20_40_955.jpg,E:\Martin\anaconda\CarND-Behavioral-Cloning-P3\traindata\additional\IMG\left_2018_05_04_15_20_40_955.jpg,E:\Martin\anaconda\CarND-Behavioral-Cloning-P3\traindata\additional\IMG\right_2018_05_04_15_20_40_955.jpg,0,1,0,30.1899
E:\Martin\anaconda\CarND-Behavioral-Cloning-P3\traindata\additional\IMG\center_2018_05_04_15_20_41_031.jpg,E:\Martin\anaconda\CarND-Behavioral-Cloning-P3\traindata\additional\IMG\left_2018_05_04_15_20_41_031.jpg,E:\Martin\anaconda\CarND-Behavioral-Cloning-P3\traindata\additional\IMG\right_2018_05_04_15_20_41_031.jpg,0,1,0,30.1899
E:\Martin\anaconda\CarND-Behavioral-Cloning-P3\traindata\additional\IMG\center_2018_05_04_15_20_41_108.jpg,E:\Martin\anaconda\CarND-Behavioral-Cloning-P3\traindata\additional\IMG\left_2018_05_04_15_20_41_108.jpg,E:\Martin\anaconda\CarND-Behavioral-Cloning-P3\traindata\additional\IMG\right_2018_05_04_15_20_41_108.jpg,0,1,0,30.1899
E:\Martin\anaconda\CarND-Behavioral-Cloning-P3\traindata\additional\IMG\center_2018_05_04_15_20_41_184.jpg,E:\Martin\anaconda\CarND-Behavioral-Cloning-P3\traindata\additional\IMG\left_2018_05_04_15_20_41_184.jpg,E:\Martin\anaconda\CarND-Behavioral-Cloning-P3\traindata\additional\IMG\right_2018_05_04_15_20_41_184.jpg,-0.009389671,1,0,30.1899
E:\Martin\anaconda\CarND-Behavioral-Cloning-P3\traindata\additional\IMG\center_2018_05_04_15_20_41_262.jpg,E:\Martin\anaconda\CarND-Behavioral-Cloning-P3\traindata\additional\IMG\left_2018_05_04_15_20_41_262.jpg,E:\Martin\anaconda\CarND-Behavioral-Cloning-P3\traindata\additional\IMG\right_2018_05_04_15_20_41_262.jpg,-0.01877934,1,0,30.18985
E:\Martin\anaconda\CarND-Behavioral-Cloning-P3\traindata\additional\IMG\center_2018_05_04_15_20_41_339.jpg,E:\Martin\anaconda\CarND-Behavioral-Cloning-P3\traindata\additional\IMG\left_2018_05_04_15_20_41_339.jpg,E:\Martin\anaconda\CarND-Behavioral-Cloning-P3\traindata\additional\IMG\right_2018_05_04_15_20_41_339.jpg,-0.01877934,1,0,30.18988
E:\Martin\anaconda\CarND-Behavioral-Cloning-P3\traindata\additional\IMG\center_2018_05_04_15_20_41_407.jpg,E:\Martin\anaconda\CarND-Behavioral-Cloning-P3\traindata\additional\IMG\left_2018_05_04_15_20_41_407.jpg,E:\Martin\anaconda\CarND-Behavioral-Cloning-P3\traindata\additional\IMG\right_2018_05_04_15_20_41_407.jpg,-0.01877934,1,0,30.18991
E:\Martin\anaconda\CarND-Behavioral-Cloning-P3\traindata\additional\IMG\center_2018_05_04_15_20_41_483.jpg,E:\Martin\anaconda\CarND-Behavioral-Cloning-P3\traindata\additional\IMG\left_2018_05_04_15_20_41_483.jpg,E:\Martin\anaconda\CarND-Behavioral-Cloning-P3\traindata\additional\IMG\right_2018_05_04_15_20_41_483.jpg,-0.01877934,1,0,30.1899
E:\Martin\anaconda\CarND-Behavioral-Cloning-P3\traindata\additional\IMG\center_2018_05_04_15_20_41_550.jpg,E:\Martin\anaconda\CarND-Behavioral-Cloning-P3\traindata\additional\IMG\left_2018_05_04_15_20_41_550.jpg,E:\Martin\anaconda\CarND-Behavioral-Cloning-P3\traindata\additional\IMG\right_2018_05_04_15_20_41_550.jpg,-0.02347418,1,0,30.18989
E:\Martin\anaconda\CarND-Behavioral-Cloning-P3\traindata\additional\IMG\center_2018_05_04_15_20_41_628.jpg,E:\Martin\anaconda\CarND-Behavioral-Cloning-P3\traindata\additional\IMG\left_2018_05_04_15_20_41_628.jpg,E:\Martin\anaconda\CarND-Behavioral-Cloning-P3\traindata\additional\IMG\right_2018_05_04_15_20_41_628.jpg,-0.02347418,1,0,30.18991
E:\Martin\anaconda\CarND-Behavioral-Cloning-P3\traindata\additional\IMG\center_2018_05_04_15_20_41_704.jpg,E:\Martin\anaconda\CarND-Behavioral-Cloning-P3\traindata\additional\IMG\left_2018_05_04_15_20_41_704.jpg,E:\Martin\anaconda\CarND-Behavioral-Cloning-P3\traindata\additional\IMG\right_2018_05_04_15_20_41_704.jpg,-0.02347418,1,0,30.18992
E:\Martin\anaconda\CarND-Behavioral-Cloning-P3\traindata\additional\IMG\center_2018_05_04_15_20_41_771.jpg,E:\Martin\anaconda\CarND-Behavioral-Cloning-P3\traindata\additional\IMG\left_2018_05_04_15_20_41_771.jpg,E:\Martin\anaconda\CarND-Behavioral-Cloning-P3\traindata\additional\IMG\right_2018_05_04_15_20_41_771.jpg,-0.02347418,1,0,30.18993
E:\Martin\anaconda\CarND-Behavioral-Cloning-P3\traindata\additional\IMG\center_2018_05_04_15_20_42_021.jpg,E:\Martin\anaconda\CarND-Behavioral-Cloning-P3\traindata\additional\IMG\left_2018_05_04_15_20_42_021.jpg,E:\Martin\anaconda\CarND-Behavioral-Cloning-P3\traindata\additional\IMG\right_2018_05_04_15_20_42_021.jpg,-0.02347418,1,0,30.18975
E:\Martin\anaconda\CarND-Behavioral-Cloning-P3\traindata\additional\IMG\center_2018_05_04_15_20_49_530.jpg,E:\Martin\anaconda\CarND-Behavioral-Cloning-P3\traindata\additional\IMG\left_2018_05_04_15_20_49_530.jpg,E:\Martin\anaconda\CarND-Behavioral-Cloning-P3\traindata\additional\IMG\right_2018_05_04_15_20_49_530.jpg,0.07981221,0.2341945,0,30.0035
E:\Martin\anaconda\CarND-Behavioral-Cloning-P3\traindata\additional\IMG\center_2018_05_04_15_20_49_598.jpg,E:\Martin\anaconda\CarND-Behavioral-Cloning-P3\traindata\additional\IMG\left_2018_05_04_15_20_49_598.jpg,E:\Martin\anaconda\CarND-Behavioral-Cloning-P3\traindata\additional\IMG\right_2018_05_04_15_20_49_598.jpg,0.07981221,0.02996716,0,29.93015
E:\Martin\anaconda\CarND-Behavioral-Cloning-P3\traindata\additional\IMG\center_2018_05_04_15_20_49_669.jpg,E:\Martin\anaconda\CarND-Behavioral-Cloning-P3\traindata\additional\IMG\left_2018_05_04_15_20_49_669.jpg,E:\Martin\anaconda\CarND-Behavioral-Cloning-P3\traindata\additional\IMG\right_2018_05_04_15_20_49_669.jpg,0.09859154,0,0,29.68945
E:\Martin\anaconda\CarND-Behavioral-Cloning-P3\traindata\additional\IMG\center_2018_05_04_15_20_49_739.jpg,E:\Martin\anaconda\CarND-Behavioral-Cloning-P3\traindata\additional\IMG\left_2018_05_04_15_20_49_739.jpg,E:\Martin\anaconda\CarND-Behavioral-Cloning-P3\traindata\additional\IMG\right_2018_05_04_15_20_49_739.jpg,0.1079812,0,0,29.50734
E:\Martin\anaconda\CarND-Behavioral-Cloning-P3\traindata\additional\IMG\center_2018_05_04_15_20_49_814.jpg,E:\Martin\anaconda\CarND-Behavioral-Cloning-P3\traindata\additional\IMG\left_2018_05_04_15_20_49_814.jpg,E:\Martin\anaconda\CarND-Behavioral-Cloning-P3\traindata\additional\IMG\right_2018_05_04_15_20_49_814.jpg,0.1079812,0,0,29.26693
E:\Martin\anaconda\CarND-Behavioral-Cloning-P3\traindata\additional\IMG\center_2018_05_04_15_20_49_884.jpg,E:\Martin\anaconda\CarND-Behavioral-Cloning-P3\traindata\additional\IMG\left_2018_05_04_15_20_49_884.jpg,E:\Martin\anaconda\CarND-Behavioral-Cloning-P3\traindata\additional\IMG\right_2018_05_04_15_20_49_884.jpg,0.1079812,0,0,29.08824
E:\Martin\anaconda\CarND-Behavioral-Cloning-P3\traindata\additional\IMG\center_2018_05_04_15_20_49_958.jpg,E:\Martin\anaconda\CarND-Behavioral-Cloning-P3\traindata\additional\IMG\left_2018_05_04_15_20_49_958.jpg,E:\Martin\anaconda\CarND-Behavioral-Cloning-P3\traindata\additional\IMG\right_2018_05_04_15_20_49_958.jpg,0.1079812,0,0,28.85191
E:\Martin\anaconda\CarND-Behavioral-Cloning-P3\traindata\additional\IMG\center_2018_05_04_15_20_50_031.jpg,E:\Martin\anaconda\CarND-Behavioral-Cloning-P3\traindata\additional\IMG\left_2018_05_04_15_20_50_031.jpg,E:\Martin\anaconda\CarND-Behavioral-Cloning-P3\traindata\additional\IMG\right_2018_05_04_15_20_50_031.jpg,0.1079812,0,0,28.61762
E:\Martin\anaconda\CarND-Behavioral-Cloning-P3\traindata\additional\IMG\center_2018_05_04_15_20_50_103.jpg,E:\Martin\anaconda\CarND-Behavioral-Cloning-P3\traindata\additional\IMG\left_2018_05_04_15_20_50_103.jpg,E:\Martin\anaconda\CarND-Behavioral-Cloning-P3\traindata\additional\IMG\right_2018_05_04_15_20_50_103.jpg,0.1079812,0,0,28.44317
E:\Martin\anaconda\CarND-Behavioral-Cloning-P3\traindata\additional\IMG\center_2018_05_04_15_20_50_176.jpg,E:\Martin\anaconda\CarND-Behavioral-Cloning-P3\traindata\additional\IMG\left_2018_05_04_15_20_50_176.jpg,E:\Martin\anaconda\CarND-Behavioral-Cloning-P3\traindata\additional\IMG\right_2018_05_04_15_20_50_176.jpg,0.1126761,0,0,28.21175
E:\Martin\anaconda\CarND-Behavioral-Cloning-P3\traindata\additional\IMG\center_2018_05_04_15_20_50_249.jpg,E:\Martin\anaconda\CarND-Behavioral-Cloning-P3\traindata\additional\IMG\left_2018_05_04_15_20_50_249.jpg,E:\Martin\anaconda\CarND-Behavioral-Cloning-P3\traindata\additional\IMG\right_2018_05_04_15_20_50_249.jpg,0.1126761,0,0,27.98233
E:\Martin\anaconda\CarND-Behavioral-Cloning-P3\traindata\additional\IMG\center_2018_05_04_15_20_50_323.jpg,E:\Martin\anaconda\CarND-Behavioral-Cloning-P3\traindata\additional\IMG\left_2018_05_04_15_20_50_323.jpg,E:\Martin\anaconda\CarND-Behavioral-Cloning-P3\traindata\additional\IMG\right_2018_05_04_15_20_50_323.jpg,0.1126761,0,0,27.8115
E:\Martin\anaconda\CarND-Behavioral-Cloning-P3\traindata\additional\IMG\center_2018_05_04_15_20_50_396.jpg,E:\Martin\anaconda\CarND-Behavioral-Cloning-P3\traindata\additional\IMG\left_2018_05_04_15_20_50_396.jpg,E:\Martin\anaconda\CarND-Behavioral-Cloning-P3\traindata\additional\IMG\right_2018_05_04_15_20_50_396.jpg,0.1126761,0,0,27.58535
E:\Martin\anaconda\CarND-Behavioral-Cloning-P3\traindata\additional\IMG\center_2018_05_04_15_20_50_469.jpg,E:\Martin\anaconda\CarND-Behavioral-Cloning-P3\traindata\additional\IMG\left_2018_05_04_15_20_50_469.jpg,E:\Martin\anaconda\CarND-Behavioral-Cloning-P3\traindata\additional\IMG\right_2018_05_04_15_20_50_469.jpg,0.1126761,0,0,27.36099
E:\Martin\anaconda\CarND-Behavioral-Cloning-P3\traindata\additional\IMG\center_2018_05_04_15_20_50_542.jpg,E:\Martin\anaconda\CarND-Behavioral-Cloning-P3\traindata\additional\IMG\left_2018_05_04_15_20_50_542.jpg,E:\Martin\anaconda\CarND-Behavioral-Cloning-P3\traindata\additional\IMG\right_2018_05_04_15_20_50_542.jpg,0.1126761,0,0,27.19388
E:\Martin\anaconda\CarND-Behavioral-Cloning-P3\traindata\additional\IMG\center_2018_05_04_15_20_50_614.jpg,E:\Martin\anaconda\CarND-Behavioral-Cloning-P3\traindata\additional\IMG\left_2018_05_04_15_20_50_614.jpg,E:\Martin\anaconda\CarND-Behavioral-Cloning-P3\traindata\additional\IMG\right_2018_05_04_15_20_50_614.jpg,0.1079812,0,0,26.97282
E:\Martin\anaconda\CarND-Behavioral-Cloning-P3\traindata\additional\IMG\center_2018_05_04_15_20_50_686.jpg,E:\Martin\anaconda\CarND-Behavioral-Cloning-P3\traindata\additional\IMG\left_2018_05_04_15_20_50_686.jpg,E:\Martin\anaconda\CarND-Behavioral-Cloning-P3\traindata\additional\IMG\right_2018_05_04_15_20_50_686.jpg,0.1079812,0,0,26.80825
E:\Martin\anaconda\CarND-Behavioral-Cloning-P3\traindata\additional\IMG\center_2018_05_04_15_20_50_757.jpg,E:\Martin\anaconda\CarND-Behavioral-Cloning-P3\traindata\additional\IMG\left_2018_05_04_15_20_50_757.jpg,E:\Martin\anaconda\CarND-Behavioral-Cloning-P3\traindata\additional\IMG\right_2018_05_04_15_20_50_757.jpg,0.09859154,0,0,26.59077
E:\Martin\anaconda\CarND-Behavioral-Cloning-P3\traindata\additional\IMG\center_2018_05_04_15_20_50_830.jpg,E:\Martin\anaconda\CarND-Behavioral-Cloning-P3\traindata\additional\IMG\left_2018_05_04_15_20_50_830.jpg,E:\Martin\anaconda\CarND-Behavioral-Cloning-P3\traindata\additional\IMG\right_2018_05_04_15_20_50_830.jpg,0.08920188,0,0,26.37529
E:\Martin\anaconda\CarND-Behavioral-Cloning-P3\traindata\additional\IMG\center_2018_05_04_15_20_50_901.jpg,E:\Martin\anaconda\CarND-Behavioral-Cloning-P3\traindata\additional\IMG\left_2018_05_04_15_20_50_901.jpg,E:\Martin\anaconda\CarND-Behavioral-Cloning-P3\traindata\additional\IMG\right_2018_05_04_15_20_50_901.jpg,0.07981221,0,0,26.21503
E:\Martin\anaconda\CarND-Behavioral-Cloning-P3\traindata\additional\IMG\center_2018_05_04_15_20_50_973.jpg,E:\Martin\anaconda\CarND-Behavioral-Cloning-P3\traindata\additional\IMG\left_2018_05_04_15_20_50_973.jpg,E:\Martin\anaconda\CarND-Behavioral-Cloning-P3\traindata\additional\IMG\right_2018_05_04_15_20_50_973.jpg,0.05633803,0,0,26.00302
E:\Martin\anaconda\CarND-Behavioral-Cloning-P3\traindata\additional\IMG\center_2018_05_04_15_20_51_045.jpg,E:\Martin\anaconda\CarND-Behavioral-Cloning-P3\traindata\additional\IMG\left_2018_05_04_15_20_51_045.jpg,E:\Martin\anaconda\CarND-Behavioral-Cloning-P3\traindata\additional\IMG\right_2018_05_04_15_20_51_045.jpg,0.04225352,0,0,25.84512
E:\Martin\anaconda\CarND-Behavioral-Cloning-P3\traindata\additional\IMG\center_2018_05_04_15_20_51_118.jpg,E:\Martin\anaconda\CarND-Behavioral-Cloning-P3\traindata\additional\IMG\left_2018_05_04_15_20_51_118.jpg,E:\Martin\anaconda\CarND-Behavioral-Cloning-P3\traindata\additional\IMG\right_2018_05_04_15_20_51_118.jpg,0.01408451,0,0,25.63569
E:\Martin\anaconda\CarND-Behavioral-Cloning-P3\traindata\additional\IMG\center_2018_05_04_15_20_51_191.jpg,E:\Martin\anaconda\CarND-Behavioral-Cloning-P3\traindata\additional\IMG\left_2018_05_04_15_20_51_191.jpg,E:\Martin\anaconda\CarND-Behavioral-Cloning-P3\traindata\additional\IMG\right_2018_05_04_15_20_51_191.jpg,-0.004694836,0,0,25.42728
E:\Martin\anaconda\CarND-Behavioral-Cloning-P3\traindata\additional\IMG\center_2018_05_04_15_20_51_263.jpg,E:\Martin\anaconda\CarND-Behavioral-Cloning-P3\traindata\additional\IMG\left_2018_05_04_15_20_51_263.jpg,E:\Martin\anaconda\CarND-Behavioral-Cloning-P3\traindata\additional\IMG\right_2018_05_04_15_20_51_263.jpg,-0.01877934,0,0,25.27159
E:\Martin\anaconda\CarND-Behavioral-Cloning-P3\traindata\additional\IMG\center_2018_05_04_15_20_51_336.jpg,E:\Martin\anaconda\CarND-Behavioral-Cloning-P3\traindata\additional\IMG\left_2018_05_04_15_20_51_336.jpg,E:\Martin\anaconda\CarND-Behavioral-Cloning-P3\traindata\additional\IMG\right_2018_05_04_15_20_51_336.jpg,-0.04225352,0,0,25.06509
E:\Martin\anaconda\CarND-Behavioral-Cloning-P3\traindata\additional\IMG\center_2018_05_04_15_20_51_408.jpg,E:\Martin\anaconda\CarND-Behavioral-Cloning-P3\traindata\additional\IMG\left_2018_05_04_15_20_51_408.jpg,E:\Martin\anaconda\CarND-Behavioral-Cloning-P3\traindata\additional\IMG\right_2018_05_04_15_20_51_408.jpg,-0.04694836,0,0,24.86005
E:\Martin\anaconda\CarND-Behavioral-Cloning-P3\traindata\additional\IMG\center_2018_05_04_15_20_51_481.jpg,E:\Martin\anaconda\CarND-Behavioral-Cloning-P3\traindata\additional\IMG\left_2018_05_04_15_20_51_481.jpg,E:\Martin\anaconda\CarND-Behavioral-Cloning-P3\traindata\additional\IMG\right_2018_05_04_15_20_51_481.jpg,-0.06103287,0,0,24.70712
E:\Martin\anaconda\CarND-Behavioral-Cloning-P3\traindata\additional\IMG\center_2018_05_04_15_20_51_554.jpg,E:\Martin\anaconda\CarND-Behavioral-Cloning-P3\traindata\additional\IMG\left_2018_05_04_15_20_51_554.jpg,E:\Martin\anaconda\CarND-Behavioral-Cloning-P3\traindata\additional\IMG\right_2018_05_04_15_20_51_554.jpg,-0.07042254,0,0,24.50488
E:\Martin\anaconda\CarND-Behavioral-Cloning-P3\traindata\additional\IMG\center_2018_05_04_15_20_51_627.jpg,E:\Martin\anaconda\CarND-Behavioral-Cloning-P3\traindata\additional\IMG\left_2018_05_04_15_20_51_627.jpg,E:\Martin\anaconda\CarND-Behavioral-Cloning-P3\traindata\additional\IMG\right_2018_05_04_15_20_51_627.jpg,-0.07511737,0,0,24.35429
E:\Martin\anaconda\CarND-Behavioral-Cloning-P3\traindata\additional\IMG\center_2018_05_04_15_20_51_700.jpg,E:\Martin\anaconda\CarND-Behavioral-Cloning-P3\traindata\additional\IMG\left_2018_05_04_15_20_51_700.jpg,E:\Martin\anaconda\CarND-Behavioral-Cloning-P3\traindata\additional\IMG\right_2018_05_04_15_20_51_700.jpg,-0.07511737,0,0,24.15552
E:\Martin\anaconda\CarND-Behavioral-Cloning-P3\traindata\additional\IMG\center_2018_05_04_15_20_51_774.jpg,E:\Martin\anaconda\CarND-Behavioral-Cloning-P3\traindata\additional\IMG\left_2018_05_04_15_20_51_774.jpg,E:\Martin\anaconda\CarND-Behavioral-Cloning-P3\traindata\additional\IMG\right_2018_05_04_15_20_51_774.jpg,-0.07981221,0,0,23.95854
E:\Martin\anaconda\CarND-Behavioral-Cloning-P3\traindata\additional\IMG\center_2018_05_04_15_20_51_945.jpg,E:\Martin\anaconda\CarND-Behavioral-Cloning-P3\traindata\additional\IMG\left_2018_05_04_15_20_51_945.jpg,E:\Martin\anaconda\CarND-Behavioral-Cloning-P3\traindata\additional\IMG\right_2018_05_04_15_20_51_945.jpg,-0.07981221,0,0,23.76343
E:\Martin\anaconda\CarND-Behavioral-Cloning-P3\traindata\additional\IMG\center_2018_05_04_15_21_03_048.jpg,E:\Martin\anaconda\CarND-Behavioral-Cloning-P3\traindata\additional\IMG\left_2018_05_04_15_21_03_048.jpg,E:\Martin\anaconda\CarND-Behavioral-Cloning-P3\traindata\additional\IMG\right_2018_05_04_15_21_03_048.jpg,-0.07981221,0,0,25.94017
E:\Martin\anaconda\CarND-Behavioral-Cloning-P3\traindata\additional\IMG\center_2018_05_04_15_21_03_124.jpg,E:\Martin\anaconda\CarND-Behavioral-Cloning-P3\traindata\additional\IMG\left_2018_05_04_15_21_03_124.jpg,E:\Martin\anaconda\CarND-Behavioral-Cloning-P3\traindata\additional\IMG\right_2018_05_04_15_21_03_124.jpg,-0.2347418,0,0,25.76882
E:\Martin\anaconda\CarND-Behavioral-Cloning-P3\traindata\additional\IMG\center_2018_05_04_15_21_03_201.jpg,E:\Martin\anaconda\CarND-Behavioral-Cloning-P3\traindata\additional\IMG\left_2018_05_04_15_21_03_201.jpg,E:\Martin\anaconda\CarND-Behavioral-Cloning-P3\traindata\additional\IMG\right_2018_05_04_15_21_03_201.jpg,-0.3661972,0,0,25.49423
E:\Martin\anaconda\CarND-Behavioral-Cloning-P3\traindata\additional\IMG\center_2018_05_04_15_21_03_278.jpg,E:\Martin\anaconda\CarND-Behavioral-Cloning-P3\traindata\additional\IMG\left_2018_05_04_15_21_03_278.jpg,E:\Martin\anaconda\CarND-Behavioral-Cloning-P3\traindata\additional\IMG\right_2018_05_04_15_21_03_278.jpg,-0.370892,0,0,25.23813
E:\Martin\anaconda\CarND-Behavioral-Cloning-P3\traindata\additional\IMG\center_2018_05_04_15_21_03_354.jpg,E:\Martin\anaconda\CarND-Behavioral-Cloning-P3\traindata\additional\IMG\left_2018_05_04_15_21_03_354.jpg,E:\Martin\anaconda\CarND-Behavioral-Cloning-P3\traindata\additional\IMG\right_2018_05_04_15_21_03_354.jpg,-0.370892,0,0,25.00833
E:\Martin\anaconda\CarND-Behavioral-Cloning-P3\traindata\additional\IMG\center_2018_05_04_15_21_03_431.jpg,E:\Martin\anaconda\CarND-Behavioral-Cloning-P3\traindata\additional\IMG\left_2018_05_04_15_21_03_431.jpg,E:\Martin\anaconda\CarND-Behavioral-Cloning-P3\traindata\additional\IMG\right_2018_05_04_15_21_03_431.jpg,-0.370892,0,0,24.79137
E:\Martin\anaconda\CarND-Behavioral-Cloning-P3\traindata\additional\IMG\center_2018_05_04_15_21_03_507.jpg,E:\Martin\anaconda\CarND-Behavioral-Cloning-P3\traindata\additional\IMG\left_2018_05_04_15_21_03_507.jpg,E:\Martin\anaconda\CarND-Behavioral-Cloning-P3\traindata\additional\IMG\right_2018_05_04_15_21_03_507.jpg,-0.3755869,0,0,24.63232
E:\Martin\anaconda\CarND-Behavioral-Cloning-P3\traindata\additional\IMG\center_2018_05_04_15_21_03_586.jpg,E:\Martin\anaconda\CarND-Behavioral-Cloning-P3\traindata\additional\IMG\left_2018_05_04_15_21_03_586.jpg,E:\Martin\anaconda\CarND-Behavioral-Cloning-P3\traindata\additional\IMG\right_2018_05_04_15_21_03_586.jpg,-0.3755869,0,0,24.42551
E:\Martin\anaconda\CarND-Behavioral-Cloning-P3\traindata\additional\IMG\center_2018_05_04_15_21_03_659.jpg,E:\Martin\anaconda\CarND-Behavioral-Cloning-P3\traindata\additional\IMG\left_2018_05_04_15_21_03_659.jpg,E:\Martin\anaconda\CarND-Behavioral-Cloning-P3\traindata\additional\IMG\right_2018_05_04_15_21_03_659.jpg,-0.3755869,0,0,24.22199
E:\Martin\anaconda\CarND-Behavioral-Cloning-P3\traindata\additional\IMG\center_2018_05_04_15_21_03_735.jpg,E:\Martin\anaconda\CarND-Behavioral-Cloning-P3\traindata\additional\IMG\left_2018_05_04_15_21_03_735.jpg,E:\Martin\anaconda\CarND-Behavioral-Cloning-P3\traindata\additional\IMG\right_2018_05_04_15_21_03_735.jpg,-0.3755869,0,0,24.02189
E:\Martin\anaconda\CarND-Behavioral-Cloning-P3\traindata\additional\IMG\center_2018_05_04_15_21_03_809.jpg,E:\Martin\anaconda\CarND-Behavioral-Cloning-P3\traindata\additional\IMG\left_2018_05_04_15_21_03_809.jpg,E:\Martin\anaconda\CarND-Behavioral-Cloning-P3\traindata\additional\IMG\right_2018_05_04_15_21_03_809.jpg,-0.3755869,0,0,23.82399
E:\Martin\anaconda\CarND-Behavioral-Cloning-P3\traindata\additional\IMG\center_2018_05_04_15_21_03_885.jpg,E:\Martin\anaconda\CarND-Behavioral-Cloning-P3\traindata\additional\IMG\left_2018_05_04_15_21_03_885.jpg,E:\Martin\anaconda\CarND-Behavioral-Cloning-P3\traindata\additional\IMG\right_2018_05_04_15_21_03_885.jpg,-0.3755869,0,0,23.67595
E:\Martin\anaconda\CarND-Behavioral-Cloning-P3\traindata\additional\IMG\center_2018_05_04_15_21_03_961.jpg,E:\Martin\anaconda\CarND-Behavioral-Cloning-P3\traindata\additional\IMG\left_2018_05_04_15_21_03_961.jpg,E:\Martin\anaconda\CarND-Behavioral-Cloning-P3\traindata\additional\IMG\right_2018_05_04_15_21_03_961.jpg,-0.3755869,0,0,23.48015
E:\Martin\anaconda\CarND-Behavioral-Cloning-P3\traindata\additional\IMG\center_2018_05_04_15_21_04_037.jpg,E:\Martin\anaconda\CarND-Behavioral-Cloning-P3\traindata\additional\IMG\left_2018_05_04_15_21_04_037.jpg,E:\Martin\anaconda\CarND-Behavioral-Cloning-P3\traindata\additional\IMG\right_2018_05_04_15_21_04_037.jpg,-0.3755869,0,0,23.28619
E:\Martin\anaconda\CarND-Behavioral-Cloning-P3\traindata\additional\IMG\center_2018_05_04_15_21_04_112.jpg,E:\Martin\anaconda\CarND-Behavioral-Cloning-P3\traindata\additional\IMG\left_2018_05_04_15_21_04_112.jpg,E:\Martin\anaconda\CarND-Behavioral-Cloning-P3\traindata\additional\IMG\right_2018_05_04_15_21_04_112.jpg,-0.3755869,0,0,23.09387
E:\Martin\anaconda\CarND-Behavioral-Cloning-P3\traindata\additional\IMG\center_2018_05_04_15_21_04_187.jpg,E:\Martin\anaconda\CarND-Behavioral-Cloning-P3\traindata\additional\IMG\left_2018_05_04_15_21_04_187.jpg,E:\Martin\anaconda\CarND-Behavioral-Cloning-P3\traindata\additional\IMG\right_2018_05_04_15_21_04_187.jpg,-0.3755869,0,0,22.95076
E:\Martin\anaconda\CarND-Behavioral-Cloning-P3\traindata\additional\IMG\center_2018_05_04_15_21_04_267.jpg,E:\Martin\anaconda\CarND-Behavioral-Cloning-P3\traindata\additional\IMG\left_2018_05_04_15_21_04_267.jpg,E:\Martin\anaconda\CarND-Behavioral-Cloning-P3\traindata\additional\IMG\right_2018_05_04_15_21_04_267.jpg,-0.370892,0,0,22.76179
E:\Martin\anaconda\CarND-Behavioral-Cloning-P3\traindata\additional\IMG\center_2018_05_04_15_21_04_342.jpg,E:\Martin\anaconda\CarND-Behavioral-Cloning-P3\traindata\additional\IMG\left_2018_05_04_15_21_04_342.jpg,E:\Martin\anaconda\CarND-Behavioral-Cloning-P3\traindata\additional\IMG\right_2018_05_04_15_21_04_342.jpg,-0.3380281,0,0,22.57873
E:\Martin\anaconda\CarND-Behavioral-Cloning-P3\traindata\additional\IMG\center_2018_05_04_15_21_04_420.jpg,E:\Martin\anaconda\CarND-Behavioral-Cloning-P3\traindata\additional\IMG\left_2018_05_04_15_21_04_420.jpg,E:\Martin\anaconda\CarND-Behavioral-Cloning-P3\traindata\additional\IMG\right_2018_05_04_15_21_04_420.jpg,-0.1549296,0,0,22.40867
E:\Martin\anaconda\CarND-Behavioral-Cloning-P3\traindata\additional\IMG\center_2018_05_04_15_21_04_499.jpg,E:\Martin\anaconda\CarND-Behavioral-Cloning-P3\traindata\additional\IMG\left_2018_05_04_15_21_04_499.jpg,E:\Martin\anaconda\CarND-Behavioral-Cloning-P3\traindata\additional\IMG\right_2018_05_04_15_21_04_499.jpg,-0.1126761,0,0,22.23494
E:\Martin\anaconda\CarND-Behavioral-Cloning-P3\traindata\additional\IMG\center_2018_05_04_15_21_04_566.jpg,E:\Martin\anaconda\CarND-Behavioral-Cloning-P3\traindata\additional\IMG\left_2018_05_04_15_21_04_566.jpg,E:\Martin\anaconda\CarND-Behavioral-Cloning-P3\traindata\additional\IMG\right_2018_05_04_15_21_04_566.jpg,-0.1126761,0.1182866,0,22.14021
E:\Martin\anaconda\CarND-Behavioral-Cloning-P3\traindata\additional\IMG\center_2018_05_04_15_21_04_641.jpg,E:\Martin\anaconda\CarND-Behavioral-Cloning-P3\traindata\additional\IMG\left_2018_05_04_15_21_04_641.jpg,E:\Martin\anaconda\CarND-Behavioral-Cloning-P3\traindata\additional\IMG\right_2018_05_04_15_21_04_641.jpg,-0.1126761,0.3806176,0,22.20117
E:\Martin\anaconda\CarND-Behavioral-Cloning-P3\traindata\additional\IMG\center_2018_05_04_15_21_04_716.jpg,E:\Martin\anaconda\CarND-Behavioral-Cloning-P3\traindata\additional\IMG\left_2018_05_04_15_21_04_716.jpg,E:\Martin\anaconda\CarND-Behavioral-Cloning-P3\traindata\additional\IMG\right_2018_05_04_15_21_04_716.jpg,-0.07511737,0.4424527,0,22.48188
E:\Martin\anaconda\CarND-Behavioral-Cloning-P3\traindata\additional\IMG\center_2018_05_04_15_21_04_788.jpg,E:\Martin\anaconda\CarND-Behavioral-Cloning-P3\traindata\additional\IMG\left_2018_05_04_15_21_04_788.jpg,E:\Martin\anaconda\CarND-Behavioral-Cloning-P3\traindata\additional\IMG\right_2018_05_04_15_21_04_788.jpg,-0.07511737,0.224606,0,22.61108
E:\Martin\anaconda\CarND-Behavioral-Cloning-P3\traindata\additional\IMG\center_2018_05_04_15_21_04_860.jpg,E:\Martin\anaconda\CarND-Behavioral-Cloning-P3\traindata\additional\IMG\left_2018_05_04_15_21_04_860.jpg,E:\Martin\anaconda\CarND-Behavioral-Cloning-P3\traindata\additional\IMG\right_2018_05_04_15_21_04_860.jpg,-0.07981221,0.009990693,0,22.55989
E:\Martin\anaconda\CarND-Behavioral-Cloning-P3\traindata\additional\IMG\center_2018_05_04_15_21_04_937.jpg,E:\Martin\anaconda\CarND-Behavioral-Cloning-P3\traindata\additional\IMG\left_2018_05_04_15_21_04_937.jpg,E:\Martin\anaconda\CarND-Behavioral-Cloning-P3\traindata\additional\IMG\right_2018_05_04_15_21_04_937.jpg,-0.1220657,0,0,22.37598
E:\Martin\anaconda\CarND-Behavioral-Cloning-P3\traindata\additional\IMG\center_2018_05_04_15_21_05_014.jpg,E:\Martin\anaconda\CarND-Behavioral-Cloning-P3\traindata\additional\IMG\left_2018_05_04_15_21_05_014.jpg,E:\Martin\anaconda\CarND-Behavioral-Cloning-P3\traindata\additional\IMG\right_2018_05_04_15_21_05_014.jpg,-0.1549296,0,0,22.19103
E:\Martin\anaconda\CarND-Behavioral-Cloning-P3\traindata\additional\IMG\center_2018_05_04_15_21_05_090.jpg,E:\Martin\anaconda\CarND-Behavioral-Cloning-P3\traindata\additional\IMG\left_2018_05_04_15_21_05_090.jpg,E:\Martin\anaconda\CarND-Behavioral-Cloning-P3\traindata\additional\IMG\right_2018_05_04_15_21_05_090.jpg,-0.1643192,0,0,22.006
E:\Martin\anaconda\CarND-Behavioral-Cloning-P3\traindata\additional\IMG\center_2018_05_04_15_21_05_165.jpg,E:\Martin\anaconda\CarND-Behavioral-Cloning-P3\traindata\additional\IMG\left_2018_05_04_15_21_05_165.jpg,E:\Martin\anaconda\CarND-Behavioral-Cloning-P3\traindata\additional\IMG\right_2018_05_04_15_21_05_165.jpg,-0.1737089,0,0,21.86873
E:\Martin\anaconda\CarND-Behavioral-Cloning-P3\traindata\additional\IMG\center_2018_05_04_15_21_05_244.jpg,E:\Martin\anaconda\CarND-Behavioral-Cloning-P3\traindata\additional\IMG\left_2018_05_04_15_21_05_244.jpg,E:\Martin\anaconda\CarND-Behavioral-Cloning-P3\traindata\additional\IMG\right_2018_05_04_15_21_05_244.jpg,-0.1737089,0,0,21.68807
E:\Martin\anaconda\CarND-Behavioral-Cloning-P3\traindata\additional\IMG\center_2018_05_04_15_21_05_319.jpg,E:\Martin\anaconda\CarND-Behavioral-Cloning-P3\traindata\additional\IMG\left_2018_05_04_15_21_05_319.jpg,E:\Martin\anaconda\CarND-Behavioral-Cloning-P3\traindata\additional\IMG\right_2018_05_04_15_21_05_319.jpg,-0.1737089,0,0,21.51116
E:\Martin\anaconda\CarND-Behavioral-Cloning-P3\traindata\additional\IMG\center_2018_05_04_15_21_05_395.jpg,E:\Martin\anaconda\CarND-Behavioral-Cloning-P3\traindata\additional\IMG\left_2018_05_04_15_21_05_395.jpg,E:\Martin\anaconda\CarND-Behavioral-Cloning-P3\traindata\additional\IMG\right_2018_05_04_15_21_05_395.jpg,-0.1737089,0,0,21.33597
E:\Martin\anaconda\CarND-Behavioral-Cloning-P3\traindata\additional\IMG\center_2018_05_04_15_21_05_473.jpg,E:\Martin\anaconda\CarND-Behavioral-Cloning-P3\traindata\additional\IMG\left_2018_05_04_15_21_05_473.jpg,E:\Martin\anaconda\CarND-Behavioral-Cloning-P3\traindata\additional\IMG\right_2018_05_04_15_21_05_473.jpg,-0.1737089,0,0,21.16224
E:\Martin\anaconda\CarND-Behavioral-Cloning-P3\traindata\additional\IMG\center_2018_05_04_15_21_05_549.jpg,E:\Martin\anaconda\CarND-Behavioral-Cloning-P3\traindata\additional\IMG\left_2018_05_04_15_21_05_549.jpg,E:\Martin\anaconda\CarND-Behavioral-Cloning-P3\traindata\additional\IMG\right_2018_05_04_15_21_05_549.jpg,-0.1737089,0,0,20.99005
E:\Martin\anaconda\CarND-Behavioral-Cloning-P3\traindata\additional\IMG\center_2018_05_04_15_21_05_716.jpg,E:\Martin\anaconda\CarND-Behavioral-Cloning-P3\traindata\additional\IMG\left_2018_05_04_15_21_05_716.jpg,E:\Martin\anaconda\CarND-Behavioral-Cloning-P3\traindata\additional\IMG\right_2018_05_04_15_21_05_716.jpg,-0.1737089,0,0,19.74758
E:\Martin\anaconda\CarND-Behavioral-Cloning-P3\traindata\additional\IMG\center_2018_05_04_15_21_20_611.jpg,E:\Martin\anaconda\CarND-Behavioral-Cloning-P3\traindata\additional\IMG\left_2018_05_04_15_21_20_611.jpg,E:\Martin\anaconda\CarND-Behavioral-Cloning-P3\traindata\additional\IMG\right_2018_05_04_15_21_20_611.jpg,-0.2253521,1,0,29.66515
E:\Martin\anaconda\CarND-Behavioral-Cloning-P3\traindata\additional\IMG\center_2018_05_04_15_21_20_684.jpg,E:\Martin\anaconda\CarND-Behavioral-Cloning-P3\traindata\additional\IMG\left_2018_05_04_15_21_20_684.jpg,E:\Martin\anaconda\CarND-Behavioral-Cloning-P3\traindata\additional\IMG\right_2018_05_04_15_21_20_684.jpg,-0.3004695,1,0,30.17518
E:\Martin\anaconda\CarND-Behavioral-Cloning-P3\traindata\additional\IMG\center_2018_05_04_15_21_20_761.jpg,E:\Martin\anaconda\CarND-Behavioral-Cloning-P3\traindata\additional\IMG\left_2018_05_04_15_21_20_761.jpg,E:\Martin\anaconda\CarND-Behavioral-Cloning-P3\traindata\additional\IMG\right_2018_05_04_15_21_20_761.jpg,-0.3380281,1,0,30.18109
E:\Martin\anaconda\CarND-Behavioral-Cloning-P3\traindata\additional\IMG\center_2018_05_04_15_21_20_836.jpg,E:\Martin\anaconda\CarND-Behavioral-Cloning-P3\traindata\additional\IMG\left_2018_05_04_15_21_20_836.jpg,E:\Martin\anaconda\CarND-Behavioral-Cloning-P3\traindata\additional\IMG\right_2018_05_04_15_21_20_836.jpg,-0.4037559,1,0,30.17697
E:\Martin\anaconda\CarND-Behavioral-Cloning-P3\traindata\additional\IMG\center_2018_05_04_15_21_20_911.jpg,E:\Martin\anaconda\CarND-Behavioral-Cloning-P3\traindata\additional\IMG\left_2018_05_04_15_21_20_911.jpg,E:\Martin\anaconda\CarND-Behavioral-Cloning-P3\traindata\additional\IMG\right_2018_05_04_15_21_20_911.jpg,-0.6901408,1,0,30.12564
E:\Martin\anaconda\CarND-Behavioral-Cloning-P3\traindata\additional\IMG\center_2018_05_04_15_21_20_987.jpg,E:\Martin\anaconda\CarND-Behavioral-Cloning-P3\traindata\additional\IMG\left_2018_05_04_15_21_20_987.jpg,E:\Martin\anaconda\CarND-Behavioral-Cloning-P3\traindata\additional\IMG\right_2018_05_04_15_21_20_987.jpg,-0.7136151,1,0,30.14059
E:\Martin\anaconda\CarND-Behavioral-Cloning-P3\traindata\additional\IMG\center_2018_05_04_15_21_21_064.jpg,E:\Martin\anaconda\CarND-Behavioral-Cloning-P3\traindata\additional\IMG\left_2018_05_04_15_21_21_064.jpg,E:\Martin\anaconda\CarND-Behavioral-Cloning-P3\traindata\additional\IMG\right_2018_05_04_15_21_21_064.jpg,-0.7136151,1,0,30.15837
E:\Martin\anaconda\CarND-Behavioral-Cloning-P3\traindata\additional\IMG\center_2018_05_04_15_21_21_139.jpg,E:\Martin\anaconda\CarND-Behavioral-Cloning-P3\traindata\additional\IMG\left_2018_05_04_15_21_21_139.jpg,E:\Martin\anaconda\CarND-Behavioral-Cloning-P3\traindata\additional\IMG\right_2018_05_04_15_21_21_139.jpg,-0.7136151,1,0,30.16918
E:\Martin\anaconda\CarND-Behavioral-Cloning-P3\traindata\additional\IMG\center_2018_05_04_15_21_21_216.jpg,E:\Martin\anaconda\CarND-Behavioral-Cloning-P3\traindata\additional\IMG\left_2018_05_04_15_21_21_216.jpg,E:\Martin\anaconda\CarND-Behavioral-Cloning-P3\traindata\additional\IMG\right_2018_05_04_15_21_21_216.jpg,-0.6713616,1,0,30.18182
E:\Martin\anaconda\CarND-Behavioral-Cloning-P3\traindata\additional\IMG\center_2018_05_04_15_21_21_296.jpg,E:\Martin\anaconda\CarND-Behavioral-Cloning-P3\traindata\additional\IMG\left_2018_05_04_15_21_21_296.jpg,E:\Martin\anaconda\CarND-Behavioral-Cloning-P3\traindata\additional\IMG\right_2018_05_04_15_21_21_296.jpg,-0.4460094,1,0,30.21014
E:\Martin\anaconda\CarND-Behavioral-Cloning-P3\traindata\additional\IMG\center_2018_05_04_15_21_21_365.jpg,E:\Martin\anaconda\CarND-Behavioral-Cloning-P3\traindata\additional\IMG\left_2018_05_04_15_21_21_365.jpg,E:\Martin\anaconda\CarND-Behavioral-Cloning-P3\traindata\additional\IMG\right_2018_05_04_15_21_21_365.jpg,-0.2769953,1,0,30.20292
E:\Martin\anaconda\CarND-Behavioral-Cloning-P3\traindata\additional\IMG\center_2018_05_04_15_21_21_432.jpg,E:\Martin\anaconda\CarND-Behavioral-Cloning-P3\traindata\additional\IMG\left_2018_05_04_15_21_21_432.jpg,E:\Martin\anaconda\CarND-Behavioral-Cloning-P3\traindata\additional\IMG\right_2018_05_04_15_21_21_432.jpg,-0.2206573,1,0,30.19836
E:\Martin\anaconda\CarND-Behavioral-Cloning-P3\traindata\additional\IMG\center_2018_05_04_15_21_21_509.jpg,E:\Martin\anaconda\CarND-Behavioral-Cloning-P3\traindata\additional\IMG\left_2018_05_04_15_21_21_509.jpg,E:\Martin\anaconda\CarND-Behavioral-Cloning-P3\traindata\additional\IMG\right_2018_05_04_15_21_21_509.jpg,0.03755869,1,0,30.18554
E:\Martin\anaconda\CarND-Behavioral-Cloning-P3\traindata\additional\IMG\center_2018_05_04_15_21_21_585.jpg,E:\Martin\anaconda\CarND-Behavioral-Cloning-P3\traindata\additional\IMG\left_2018_05_04_15_21_21_585.jpg,E:\Martin\anaconda\CarND-Behavioral-Cloning-P3\traindata\additional\IMG\right_2018_05_04_15_21_21_585.jpg,0.2206573,1,0,30.16269
E:\Martin\anaconda\CarND-Behavioral-Cloning-P3\traindata\additional\IMG\center_2018_05_04_15_21_21_662.jpg,E:\Martin\anaconda\CarND-Behavioral-Cloning-P3\traindata\additional\IMG\left_2018_05_04_15_21_21_662.jpg,E:\Martin\anaconda\CarND-Behavioral-Cloning-P3\traindata\additional\IMG\right_2018_05_04_15_21_21_662.jpg,0.2957746,1,0,30.16698
E:\Martin\anaconda\CarND-Behavioral-Cloning-P3\traindata\additional\IMG\center_2018_05_04_15_21_21_739.jpg,E:\Martin\anaconda\CarND-Behavioral-Cloning-P3\traindata\additional\IMG\left_2018_05_04_15_21_21_739.jpg,E:\Martin\anaconda\CarND-Behavioral-Cloning-P3\traindata\additional\IMG\right_2018_05_04_15_21_21_739.jpg,0.3192488,1,0,30.17546
E:\Martin\anaconda\CarND-Behavioral-Cloning-P3\traindata\additional\IMG\center_2018_05_04_15_21_21_817.jpg,E:\Martin\anaconda\CarND-Behavioral-Cloning-P3\traindata\additional\IMG\left_2018_05_04_15_21_21_817.jpg,E:\Martin\anaconda\CarND-Behavioral-Cloning-P3\traindata\additional\IMG\right_2018_05_04_15_21_21_817.jpg,0.3192488,1,0,30.18195
E:\Martin\anaconda\CarND-Behavioral-Cloning-P3\traindata\additional\IMG\center_2018_05_04_15_21_21_884.jpg,E:\Martin\anaconda\CarND-Behavioral-Cloning-P3\traindata\additional\IMG\left_2018_05_04_15_21_21_884.jpg,E:\Martin\anaconda\CarND-Behavioral-Cloning-P3\traindata\additional\IMG\right_2018_05_04_15_21_21_884.jpg,0.3192488,1,0,30.18303
E:\Martin\anaconda\CarND-Behavioral-Cloning-P3\traindata\additional\IMG\center_2018_05_04_15_21_21_962.jpg,E:\Martin\anaconda\CarND-Behavioral-Cloning-P3\traindata\additional\IMG\left_2018_05_04_15_21_21_962.jpg,E:\Martin\anaconda\CarND-Behavioral-Cloning-P3\traindata\additional\IMG\right_2018_05_04_15_21_21_962.jpg,0.2769953,1,0,30.18827
E:\Martin\anaconda\CarND-Behavioral-Cloning-P3\traindata\additional\IMG\center_2018_05_04_15_21_22_040.jpg,E:\Martin\anaconda\CarND-Behavioral-Cloning-P3\traindata\additional\IMG\left_2018_05_04_15_21_22_040.jpg,E:\Martin\anaconda\CarND-Behavioral-Cloning-P3\traindata\additional\IMG\right_2018_05_04_15_21_22_040.jpg,0.1830986,1,0,30.19423
E:\Martin\anaconda\CarND-Behavioral-Cloning-P3\traindata\additional\IMG\center_2018_05_04_15_21_22_114.jpg,E:\Martin\anaconda\CarND-Behavioral-Cloning-P3\traindata\additional\IMG\left_2018_05_04_15_21_22_114.jpg,E:\Martin\anaconda\CarND-Behavioral-Cloning-P3\traindata\additional\IMG\right_2018_05_04_15_21_22_114.jpg,0.07042254,1,0,30.19148
E:\Martin\anaconda\CarND-Behavioral-Cloning-P3\traindata\additional\IMG\center_2018_05_04_15_21_22_186.jpg,E:\Martin\anaconda\CarND-Behavioral-Cloning-P3\traindata\additional\IMG\left_2018_05_04_15_21_22_186.jpg,E:\Martin\anaconda\CarND-Behavioral-Cloning-P3\traindata\additional\IMG\right_2018_05_04_15_21_22_186.jpg,0.05164319,1,0,30.18891
E:\Martin\anaconda\CarND-Behavioral-Cloning-P3\traindata\additional\IMG\center_2018_05_04_15_21_22_260.jpg,E:\Martin\anaconda\CarND-Behavioral-Cloning-P3\traindata\additional\IMG\left_2018_05_04_15_21_22_260.jpg,E:\Martin\anaconda\CarND-Behavioral-Cloning-P3\traindata\additional\IMG\right_2018_05_04_15_21_22_260.jpg,0.03755869,1,0,30.19164
E:\Martin\anaconda\CarND-Behavioral-Cloning-P3\traindata\additional\IMG\center_2018_05_04_15_21_22_335.jpg,E:\Martin\anaconda\CarND-Behavioral-Cloning-P3\traindata\additional\IMG\left_2018_05_04_15_21_22_335.jpg,E:\Martin\anaconda\CarND-Behavioral-Cloning-P3\traindata\additional\IMG\right_2018_05_04_15_21_22_335.jpg,0.03755869,1,0,30.19038
E:\Martin\anaconda\CarND-Behavioral-Cloning-P3\traindata\additional\IMG\center_2018_05_04_15_21_22_413.jpg,E:\Martin\anaconda\CarND-Behavioral-Cloning-P3\traindata\additional\IMG\left_2018_05_04_15_21_22_413.jpg,E:\Martin\anaconda\CarND-Behavioral-Cloning-P3\traindata\additional\IMG\right_2018_05_04_15_21_22_413.jpg,0.01877934,1,0,30.19045
E:\Martin\anaconda\CarND-Behavioral-Cloning-P3\traindata\additional\IMG\center_2018_05_04_15_21_22_490.jpg,E:\Martin\anaconda\CarND-Behavioral-Cloning-P3\traindata\additional\IMG\left_2018_05_04_15_21_22_490.jpg,E:\Martin\anaconda\CarND-Behavioral-Cloning-P3\traindata\additional\IMG\right_2018_05_04_15_21_22_490.jpg,-0.05164319,1,0,30.1888
E:\Martin\anaconda\CarND-Behavioral-Cloning-P3\traindata\additional\IMG\center_2018_05_04_15_21_22_567.jpg,E:\Martin\anaconda\CarND-Behavioral-Cloning-P3\traindata\additional\IMG\left_2018_05_04_15_21_22_567.jpg,E:\Martin\anaconda\CarND-Behavioral-Cloning-P3\traindata\additional\IMG\right_2018_05_04_15_21_22_567.jpg,-0.1173709,1,0,30.18657
E:\Martin\anaconda\CarND-Behavioral-Cloning-P3\traindata\additional\IMG\center_2018_05_04_15_21_22_645.jpg,E:\Martin\anaconda\CarND-Behavioral-Cloning-P3\traindata\additional\IMG\left_2018_05_04_15_21_22_645.jpg,E:\Martin\anaconda\CarND-Behavioral-Cloning-P3\traindata\additional\IMG\right_2018_05_04_15_21_22_645.jpg,-0.1361502,1,0,30.18725
E:\Martin\anaconda\CarND-Behavioral-Cloning-P3\traindata\additional\IMG\center_2018_05_04_15_21_22_712.jpg,E:\Martin\anaconda\CarND-Behavioral-Cloning-P3\traindata\additional\IMG\left_2018_05_04_15_21_22_712.jpg,E:\Martin\anaconda\CarND-Behavioral-Cloning-P3\traindata\additional\IMG\right_2018_05_04_15_21_22_712.jpg,-0.1549296,1,0,30.18832
E:\Martin\anaconda\CarND-Behavioral-Cloning-P3\traindata\additional\IMG\center_2018_05_04_15_21_22_779.jpg,E:\Martin\anaconda\CarND-Behavioral-Cloning-P3\traindata\additional\IMG\left_2018_05_04_15_21_22_779.jpg,E:\Martin\anaconda\CarND-Behavioral-Cloning-P3\traindata\additional\IMG\right_2018_05_04_15_21_22_779.jpg,-0.1549296,1,0,30.18739
E:\Martin\anaconda\CarND-Behavioral-Cloning-P3\traindata\additional\IMG\center_2018_05_04_15_21_22_847.jpg,E:\Martin\anaconda\CarND-Behavioral-Cloning-P3\traindata\additional\IMG\left_2018_05_04_15_21_22_847.jpg,E:\Martin\anaconda\CarND-Behavioral-Cloning-P3\traindata\additional\IMG\right_2018_05_04_15_21_22_847.jpg,-0.2065728,1,0,30.1852
E:\Martin\anaconda\CarND-Behavioral-Cloning-P3\traindata\additional\IMG\center_2018_05_04_15_21_22_915.jpg,E:\Martin\anaconda\CarND-Behavioral-Cloning-P3\traindata\additional\IMG\left_2018_05_04_15_21_22_915.jpg,E:\Martin\anaconda\CarND-Behavioral-Cloning-P3\traindata\additional\IMG\right_2018_05_04_15_21_22_915.jpg,-0.342723,1,0,30.17184
E:\Martin\anaconda\CarND-Behavioral-Cloning-P3\traindata\additional\IMG\center_2018_05_04_15_21_22_984.jpg,E:\Martin\anaconda\CarND-Behavioral-Cloning-P3\traindata\additional\IMG\left_2018_05_04_15_21_22_984.jpg,E:\Martin\anaconda\CarND-Behavioral-Cloning-P3\traindata\additional\IMG\right_2018_05_04_15_21_22_984.jpg,-0.4600939,1,0,30.15619
E:\Martin\anaconda\CarND-Behavioral-Cloning-P3\traindata\additional\IMG\center_2018_05_04_15_21_23_053.jpg,E:\Martin\anaconda\CarND-Behavioral-Cloning-P3\traindata\additional\IMG\left_2018_05_04_15_21_23_053.jpg,E:\Martin\anaconda\CarND-Behavioral-Cloning-P3\traindata\additional\IMG\right_2018_05_04_15_21_23_053.jpg,-0.5633803,1,0,30.15275
E:\Martin\anaconda\CarND-Behavioral-Cloning-P3\traindata\additional\IMG\center_2018_05_04_15_21_23_122.jpg,E:\Martin\anaconda\CarND-Behavioral-Cloning-P3\traindata\additional\IMG\left_2018_05_04_15_21_23_122.jpg,E:\Martin\anaconda\CarND-Behavioral-Cloning-P3\traindata\additional\IMG\right_2018_05_04_15_21_23_122.jpg,-0.5633803,1,0,30.16457
E:\Martin\anaconda\CarND-Behavioral-Cloning-P3\traindata\additional\IMG\center_2018_05_04_15_21_23_194.jpg,E:\Martin\anaconda\CarND-Behavioral-Cloning-P3\traindata\additional\IMG\left_2018_05_04_15_21_23_194.jpg,E:\Martin\anaconda\CarND-Behavioral-Cloning-P3\traindata\additional\IMG\right_2018_05_04_15_21_23_194.jpg,-0.5633803,1,0,30.17403
E:\Martin\anaconda\CarND-Behavioral-Cloning-P3\traindata\additional\IMG\center_2018_05_04_15_21_23_266.jpg,E:\Martin\anaconda\CarND-Behavioral-Cloning-P3\traindata\additional\IMG\left_2018_05_04_15_21_23_266.jpg,E:\Martin\anaconda\CarND-Behavioral-Cloning-P3\traindata\additional\IMG\right_2018_05_04_15_21_23_266.jpg,-0.5633803,1,0,30.178
E:\Martin\anaconda\CarND-Behavioral-Cloning-P3\traindata\additional\IMG\center_2018_05_04_15_21_23_340.jpg,E:\Martin\anaconda\CarND-Behavioral-Cloning-P3\traindata\additional\IMG\left_2018_05_04_15_21_23_340.jpg,E:\Martin\anaconda\CarND-Behavioral-Cloning-P3\traindata\additional\IMG\right_2018_05_04_15_21_23_340.jpg,-0.4741784,1,0,30.19169
E:\Martin\anaconda\CarND-Behavioral-Cloning-P3\traindata\additional\IMG\center_2018_05_04_15_21_23_416.jpg,E:\Martin\anaconda\CarND-Behavioral-Cloning-P3\traindata\additional\IMG\left_2018_05_04_15_21_23_416.jpg,E:\Martin\anaconda\CarND-Behavioral-Cloning-P3\traindata\additional\IMG\right_2018_05_04_15_21_23_416.jpg,-0.3333334,1,0,30.19898
E:\Martin\anaconda\CarND-Behavioral-Cloning-P3\traindata\additional\IMG\center_2018_05_04_15_21_23_493.jpg,E:\Martin\anaconda\CarND-Behavioral-Cloning-P3\traindata\additional\IMG\left_2018_05_04_15_21_23_493.jpg,E:\Martin\anaconda\CarND-Behavioral-Cloning-P3\traindata\additional\IMG\right_2018_05_04_15_21_23_493.jpg,-0.2723005,1,0,30.19738
E:\Martin\anaconda\CarND-Behavioral-Cloning-P3\traindata\additional\IMG\center_2018_05_04_15_22_08_935.jpg,E:\Martin\anaconda\CarND-Behavioral-Cloning-P3\traindata\additional\IMG\left_2018_05_04_15_22_08_935.jpg,E:\Martin\anaconda\CarND-Behavioral-Cloning-P3\traindata\additional\IMG\right_2018_05_04_15_22_08_935.jpg,0.1455399,0,0,27.51112
E:\Martin\anaconda\CarND-Behavioral-Cloning-P3\traindata\additional\IMG\center_2018_05_04_15_22_09_009.jpg,E:\Martin\anaconda\CarND-Behavioral-Cloning-P3\traindata\additional\IMG\left_2018_05_04_15_22_09_009.jpg,E:\Martin\anaconda\CarND-Behavioral-Cloning-P3\traindata\additional\IMG\right_2018_05_04_15_22_09_009.jpg,0.1549296,0,0,27.33774
E:\Martin\anaconda\CarND-Behavioral-Cloning-P3\traindata\additional\IMG\center_2018_05_04_15_22_09_084.jpg,E:\Martin\anaconda\CarND-Behavioral-Cloning-P3\traindata\additional\IMG\left_2018_05_04_15_22_09_084.jpg,E:\Martin\anaconda\CarND-Behavioral-Cloning-P3\traindata\additional\IMG\right_2018_05_04_15_22_09_084.jpg,0.2300469,0,0,27.10031
E:\Martin\anaconda\CarND-Behavioral-Cloning-P3\traindata\additional\IMG\center_2018_05_04_15_22_09_157.jpg,E:\Martin\anaconda\CarND-Behavioral-Cloning-P3\traindata\additional\IMG\left_2018_05_04_15_22_09_157.jpg,E:\Martin\anaconda\CarND-Behavioral-Cloning-P3\traindata\additional\IMG\right_2018_05_04_15_22_09_157.jpg,0.2300469,0,0,26.86596
E:\Martin\anaconda\CarND-Behavioral-Cloning-P3\traindata\additional\IMG\center_2018_05_04_15_22_09_233.jpg,E:\Martin\anaconda\CarND-Behavioral-Cloning-P3\traindata\additional\IMG\left_2018_05_04_15_22_09_233.jpg,E:\Martin\anaconda\CarND-Behavioral-Cloning-P3\traindata\additional\IMG\right_2018_05_04_15_22_09_233.jpg,0.2300469,0,0,26.64079
E:\Martin\anaconda\CarND-Behavioral-Cloning-P3\traindata\additional\IMG\center_2018_05_04_15_22_09_308.jpg,E:\Martin\anaconda\CarND-Behavioral-Cloning-P3\traindata\additional\IMG\left_2018_05_04_15_22_09_308.jpg,E:\Martin\anaconda\CarND-Behavioral-Cloning-P3\traindata\additional\IMG\right_2018_05_04_15_22_09_308.jpg,0.2300469,0.09504315,0,26.48641
E:\Martin\anaconda\CarND-Behavioral-Cloning-P3\traindata\additional\IMG\center_2018_05_04_15_22_09_384.jpg,E:\Martin\anaconda\CarND-Behavioral-Cloning-P3\traindata\additional\IMG\left_2018_05_04_15_22_09_384.jpg,E:\Martin\anaconda\CarND-Behavioral-Cloning-P3\traindata\additional\IMG\right_2018_05_04_15_22_09_384.jpg,0.2300469,0.3204437,0,26.46017
E:\Martin\anaconda\CarND-Behavioral-Cloning-P3\traindata\additional\IMG\center_2018_05_04_15_22_09_461.jpg,E:\Martin\anaconda\CarND-Behavioral-Cloning-P3\traindata\additional\IMG\left_2018_05_04_15_22_09_461.jpg,E:\Martin\anaconda\CarND-Behavioral-Cloning-P3\traindata\additional\IMG\right_2018_05_04_15_22_09_461.jpg,0.2159625,0.5538531,0,26.67797
E:\Martin\anaconda\CarND-Behavioral-Cloning-P3\traindata\additional\IMG\center_2018_05_04_15_22_09_528.jpg,E:\Martin\anaconda\CarND-Behavioral-Cloning-P3\traindata\additional\IMG\left_2018_05_04_15_22_09_528.jpg,E:\Martin\anaconda\CarND-Behavioral-Cloning-P3\traindata\additional\IMG\right_2018_05_04_15_22_09_528.jpg,0.2112676,0.7548859,0,26.98003
E:\Martin\anaconda\CarND-Behavioral-Cloning-P3\traindata\additional\IMG\center_2018_05_04_15_22_09_596.jpg,E:\Martin\anaconda\CarND-Behavioral-Cloning-P3\traindata\additional\IMG\left_2018_05_04_15_22_09_596.jpg,E:\Martin\anaconda\CarND-Behavioral-Cloning-P3\traindata\additional\IMG\right_2018_05_04_15_22_09_596.jpg,0.1971831,0.9904791,0,27.59717
E:\Martin\anaconda\CarND-Behavioral-Cloning-P3\traindata\additional\IMG\center_2018_05_04_15_22_09_664.jpg,E:\Martin\anaconda\CarND-Behavioral-Cloning-P3\traindata\additional\IMG\left_2018_05_04_15_22_09_664.jpg,E:\Martin\anaconda\CarND-Behavioral-Cloning-P3\traindata\additional\IMG\right_2018_05_04_15_22_09_664.jpg,0.1455399,1,0,28.16106
E:\Martin\anaconda\CarND-Behavioral-Cloning-P3\traindata\additional\IMG\center_2018_05_04_15_22_09_732.jpg,E:\Martin\anaconda\CarND-Behavioral-Cloning-P3\traindata\additional\IMG\left_2018_05_04_15_22_09_732.jpg,E:\Martin\anaconda\CarND-Behavioral-Cloning-P3\traindata\additional\IMG\right_2018_05_04_15_22_09_732.jpg,-0.01408451,1,0,28.90188
E:\Martin\anaconda\CarND-Behavioral-Cloning-P3\traindata\additional\IMG\center_2018_05_04_15_22_09_802.jpg,E:\Martin\anaconda\CarND-Behavioral-Cloning-P3\traindata\additional\IMG\left_2018_05_04_15_22_09_802.jpg,E:\Martin\anaconda\CarND-Behavioral-Cloning-P3\traindata\additional\IMG\right_2018_05_04_15_22_09_802.jpg,-0.1784038,1,0,29.42581
E:\Martin\anaconda\CarND-Behavioral-Cloning-P3\traindata\additional\IMG\center_2018_05_04_15_22_09_871.jpg,E:\Martin\anaconda\CarND-Behavioral-Cloning-P3\traindata\additional\IMG\left_2018_05_04_15_22_09_871.jpg,E:\Martin\anaconda\CarND-Behavioral-Cloning-P3\traindata\additional\IMG\right_2018_05_04_15_22_09_871.jpg,-0.1830986,1,0,30.11853
E:\Martin\anaconda\CarND-Behavioral-Cloning-P3\traindata\additional\IMG\center_2018_05_04_15_22_09_942.jpg,E:\Martin\anaconda\CarND-Behavioral-Cloning-P3\traindata\additional\IMG\left_2018_05_04_15_22_09_942.jpg,E:\Martin\anaconda\CarND-Behavioral-Cloning-P3\traindata\additional\IMG\right_2018_05_04_15_22_09_942.jpg,-0.1830986,1,0,30.18598
E:\Martin\anaconda\CarND-Behavioral-Cloning-P3\traindata\additional\IMG\center_2018_05_04_15_22_10_011.jpg,E:\Martin\anaconda\CarND-Behavioral-Cloning-P3\traindata\additional\IMG\left_2018_05_04_15_22_10_011.jpg,E:\Martin\anaconda\CarND-Behavioral-Cloning-P3\traindata\additional\IMG\right_2018_05_04_15_22_10_011.jpg,-0.1643192,1,0,30.18897
E:\Martin\anaconda\CarND-Behavioral-Cloning-P3\traindata\additional\IMG\center_2018_05_04_15_22_10_081.jpg,E:\Martin\anaconda\CarND-Behavioral-Cloning-P3\traindata\additional\IMG\left_2018_05_04_15_22_10_081.jpg,E:\Martin\anaconda\CarND-Behavioral-Cloning-P3\traindata\additional\IMG\right_2018_05_04_15_22_10_081.jpg,-0.06103287,1,0,30.19124
E:\Martin\anaconda\CarND-Behavioral-Cloning-P3\traindata\additional\IMG\center_2018_05_04_15_22_10_150.jpg,E:\Martin\anaconda\CarND-Behavioral-Cloning-P3\traindata\additional\IMG\left_2018_05_04_15_22_10_150.jpg,E:\Martin\anaconda\CarND-Behavioral-Cloning-P3\traindata\additional\IMG\right_2018_05_04_15_22_10_150.jpg,0.01877934,1,0,30.18893
E:\Martin\anaconda\CarND-Behavioral-Cloning-P3\traindata\additional\IMG\center_2018_05_04_15_22_10_219.jpg,E:\Martin\anaconda\CarND-Behavioral-Cloning-P3\traindata\additional\IMG\left_2018_05_04_15_22_10_219.jpg,E:\Martin\anaconda\CarND-Behavioral-Cloning-P3\traindata\additional\IMG\right_2018_05_04_15_22_10_219.jpg,0.03286385,1,0,30.18982
E:\Martin\anaconda\CarND-Behavioral-Cloning-P3\traindata\additional\IMG\center_2018_05_04_15_22_10_287.jpg,E:\Martin\anaconda\CarND-Behavioral-Cloning-P3\traindata\additional\IMG\left_2018_05_04_15_22_10_287.jpg,E:\Martin\anaconda\CarND-Behavioral-Cloning-P3\traindata\additional\IMG\right_2018_05_04_15_22_10_287.jpg,0.06103287,1,0,30.18923
E:\Martin\anaconda\CarND-Behavioral-Cloning-P3\traindata\additional\IMG\center_2018_05_04_15_22_10_356.jpg,E:\Martin\anaconda\CarND-Behavioral-Cloning-P3\traindata\additional\IMG\left_2018_05_04_15_22_10_356.jpg,E:\Martin\anaconda\CarND-Behavioral-Cloning-P3\traindata\additional\IMG\right_2018_05_04_15_22_10_356.jpg,0.06103287,1,0,30.18999
E:\Martin\anaconda\CarND-Behavioral-Cloning-P3\traindata\additional\IMG\center_2018_05_04_15_22_10_424.jpg,E:\Martin\anaconda\CarND-Behavioral-Cloning-P3\traindata\additional\IMG\left_2018_05_04_15_22_10_424.jpg,E:\Martin\anaconda\CarND-Behavioral-Cloning-P3\traindata\additional\IMG\right_2018_05_04_15_22_10_424.jpg,0.06103287,1,0,30.19027
E:\Martin\anaconda\CarND-Behavioral-Cloning-P3\traindata\additional\IMG\center_2018_05_04_15_22_10_492.jpg,E:\Martin\anaconda\CarND-Behavioral-Cloning-P3\traindata\additional\IMG\left_2018_05_04_15_22_10_492.jpg,E:\Martin\anaconda\CarND-Behavioral-Cloning-P3\traindata\additional\IMG\right_2018_05_04_15_22_10_492.jpg,0.06103287,1,0,30.1905
E:\Martin\anaconda\CarND-Behavioral-Cloning-P3\traindata\additional\IMG\center_2018_05_04_15_22_10_562.jpg,E:\Martin\anaconda\CarND-Behavioral-Cloning-P3\traindata\additional\IMG\left_2018_05_04_15_22_10_562.jpg,E:\Martin\anaconda\CarND-Behavioral-Cloning-P3\traindata\additional\IMG\right_2018_05_04_15_22_10_562.jpg,0.06103287,1,0,30.19056
E:\Martin\anaconda\CarND-Behavioral-Cloning-P3\traindata\additional\IMG\center_2018_05_04_15_22_10_630.jpg,E:\Martin\anaconda\CarND-Behavioral-Cloning-P3\traindata\additional\IMG\left_2018_05_04_15_22_10_630.jpg,E:\Martin\anaconda\CarND-Behavioral-Cloning-P3\traindata\additional\IMG\right_2018_05_04_15_22_10_630.jpg,0.05164319,1,0,30.19075
E:\Martin\anaconda\CarND-Behavioral-Cloning-P3\traindata\additional\IMG\center_2018_05_04_15_22_10_700.jpg,E:\Martin\anaconda\CarND-Behavioral-Cloning-P3\traindata\additional\IMG\left_2018_05_04_15_22_10_700.jpg,E:\Martin\anaconda\CarND-Behavioral-Cloning-P3\traindata\additional\IMG\right_2018_05_04_15_22_10_700.jpg,0.004694836,1,0,30.19074
E:\Martin\anaconda\CarND-Behavioral-Cloning-P3\traindata\additional\IMG\center_2018_05_04_15_22_10_769.jpg,E:\Martin\anaconda\CarND-Behavioral-Cloning-P3\traindata\additional\IMG\left_2018_05_04_15_22_10_769.jpg,E:\Martin\anaconda\CarND-Behavioral-Cloning-P3\traindata\additional\IMG\right_2018_05_04_15_22_10_769.jpg,-0.01877934,1,0,30.19047
E:\Martin\anaconda\CarND-Behavioral-Cloning-P3\traindata\additional\IMG\center_2018_05_04_15_22_10_838.jpg,E:\Martin\anaconda\CarND-Behavioral-Cloning-P3\traindata\additional\IMG\left_2018_05_04_15_22_10_838.jpg,E:\Martin\anaconda\CarND-Behavioral-Cloning-P3\traindata\additional\IMG\right_2018_05_04_15_22_10_838.jpg,-0.02816901,1,0,30.19051
E:\Martin\anaconda\CarND-Behavioral-Cloning-P3\traindata\additional\IMG\center_2018_05_04_15_22_10_908.jpg,E:\Martin\anaconda\CarND-Behavioral-Cloning-P3\traindata\additional\IMG\left_2018_05_04_15_22_10_908.jpg,E:\Martin\anaconda\CarND-Behavioral-Cloning-P3\traindata\additional\IMG\right_2018_05_04_15_22_10_908.jpg,-0.03755869,1,0,30.19045
E:\Martin\anaconda\CarND-Behavioral-Cloning-P3\traindata\additional\IMG\center_2018_05_04_15_22_10_978.jpg,E:\Martin\anaconda\CarND-Behavioral-Cloning-P3\traindata\additional\IMG\left_2018_05_04_15_22_10_978.jpg,E:\Martin\anaconda\CarND-Behavioral-Cloning-P3\traindata\additional\IMG\right_2018_05_04_15_22_10_978.jpg,-0.03755869,1,0,30.1906
E:\Martin\anaconda\CarND-Behavioral-Cloning-P3\traindata\additional\IMG\center_2018_05_04_15_22_11_048.jpg,E:\Martin\anaconda\CarND-Behavioral-Cloning-P3\traindata\additional\IMG\left_2018_05_04_15_22_11_048.jpg,E:\Martin\anaconda\CarND-Behavioral-Cloning-P3\traindata\additional\IMG\right_2018_05_04_15_22_11_048.jpg,-0.03755869,1,0,30.19065
E:\Martin\anaconda\CarND-Behavioral-Cloning-P3\traindata\additional\IMG\center_2018_05_04_15_22_11_120.jpg,E:\Martin\anaconda\CarND-Behavioral-Cloning-P3\traindata\additional\IMG\left_2018_05_04_15_22_11_120.jpg,E:\Martin\anaconda\CarND-Behavioral-Cloning-P3\traindata\additional\IMG\right_2018_05_04_15_22_11_120.jpg,-0.04225352,1,0,30.19063
E:\Martin\anaconda\CarND-Behavioral-Cloning-P3\traindata\additional\IMG\center_2018_05_04_15_22_11_189.jpg,E:\Martin\anaconda\CarND-Behavioral-Cloning-P3\traindata\additional\IMG\left_2018_05_04_15_22_11_189.jpg,E:\Martin\anaconda\CarND-Behavioral-Cloning-P3\traindata\additional\IMG\right_2018_05_04_15_22_11_189.jpg,-0.05633803,1,0,30.19047
E:\Martin\anaconda\CarND-Behavioral-Cloning-P3\traindata\additional\IMG\center_2018_05_04_15_22_11_261.jpg,E:\Martin\anaconda\CarND-Behavioral-Cloning-P3\traindata\additional\IMG\left_2018_05_04_15_22_11_261.jpg,E:\Martin\anaconda\CarND-Behavioral-Cloning-P3\traindata\additional\IMG\right_2018_05_04_15_22_11_261.jpg,-0.0657277,1,0,30.1904
E:\Martin\anaconda\CarND-Behavioral-Cloning-P3\traindata\additional\IMG\center_2018_05_04_15_22_11_331.jpg,E:\Martin\anaconda\CarND-Behavioral-Cloning-P3\traindata\additional\IMG\left_2018_05_04_15_22_11_331.jpg,E:\Martin\anaconda\CarND-Behavioral-Cloning-P3\traindata\additional\IMG\right_2018_05_04_15_22_11_331.jpg,-0.0657277,1,0,30.19047
E:\Martin\anaconda\CarND-Behavioral-Cloning-P3\traindata\additional\IMG\center_2018_05_04_15_22_11_403.jpg,E:\Martin\anaconda\CarND-Behavioral-Cloning-P3\traindata\additional\IMG\left_2018_05_04_15_22_11_403.jpg,E:\Martin\anaconda\CarND-Behavioral-Cloning-P3\traindata\additional\IMG\right_2018_05_04_15_22_11_403.jpg,-0.0657277,1,0,30.19053
E:\Martin\anaconda\CarND-Behavioral-Cloning-P3\traindata\additional\IMG\center_2018_05_04_15_22_11_475.jpg,E:\Martin\anaconda\CarND-Behavioral-Cloning-P3\traindata\additional\IMG\left_2018_05_04_15_22_11_475.jpg,E:\Martin\anaconda\CarND-Behavioral-Cloning-P3\traindata\additional\IMG\right_2018_05_04_15_22_11_475.jpg,-0.0657277,1,0,30.19057
E:\Martin\anaconda\CarND-Behavioral-Cloning-P3\traindata\additional\IMG\center_2018_05_04_15_22_11_544.jpg,E:\Martin\anaconda\CarND-Behavioral-Cloning-P3\traindata\additional\IMG\left_2018_05_04_15_22_11_544.jpg,E:\Martin\anaconda\CarND-Behavioral-Cloning-P3\traindata\additional\IMG\right_2018_05_04_15_22_11_544.jpg,-0.0657277,1,0,30.19058
E:\Martin\anaconda\CarND-Behavioral-Cloning-P3\traindata\additional\IMG\center_2018_05_04_15_22_11_616.jpg,E:\Martin\anaconda\CarND-Behavioral-Cloning-P3\traindata\additional\IMG\left_2018_05_04_15_22_11_616.jpg,E:\Martin\anaconda\CarND-Behavioral-Cloning-P3\traindata\additional\IMG\right_2018_05_04_15_22_11_616.jpg,-0.0657277,1,0,30.19058
E:\Martin\anaconda\CarND-Behavioral-Cloning-P3\traindata\additional\IMG\center_2018_05_04_15_22_11_686.jpg,E:\Martin\anaconda\CarND-Behavioral-Cloning-P3\traindata\additional\IMG\left_2018_05_04_15_22_11_686.jpg,E:\Martin\anaconda\CarND-Behavioral-Cloning-P3\traindata\additional\IMG\right_2018_05_04_15_22_11_686.jpg,-0.0657277,1,0,30.19057
E:\Martin\anaconda\CarND-Behavioral-Cloning-P3\traindata\additional\IMG\center_2018_05_04_15_22_11_759.jpg,E:\Martin\anaconda\CarND-Behavioral-Cloning-P3\traindata\additional\IMG\left_2018_05_04_15_22_11_759.jpg,E:\Martin\anaconda\CarND-Behavioral-Cloning-P3\traindata\additional\IMG\right_2018_05_04_15_22_11_759.jpg,-0.0657277,1,0,30.19058
E:\Martin\anaconda\CarND-Behavioral-Cloning-P3\traindata\additional\IMG\center_2018_05_04_15_22_45_758.jpg,E:\Martin\anaconda\CarND-Behavioral-Cloning-P3\traindata\additional\IMG\left_2018_05_04_15_22_45_758.jpg,E:\Martin\anaconda\CarND-Behavioral-Cloning-P3\traindata\additional\IMG\right_2018_05_04_15_22_45_758.jpg,0,1,0,30.19005
E:\Martin\anaconda\CarND-Behavioral-Cloning-P3\traindata\additional\IMG\center_2018_05_04_15_22_45_835.jpg,E:\Martin\anaconda\CarND-Behavioral-Cloning-P3\traindata\additional\IMG\left_2018_05_04_15_22_45_835.jpg,E:\Martin\anaconda\CarND-Behavioral-Cloning-P3\traindata\additional\IMG\right_2018_05_04_15_22_45_835.jpg,0,1,0,30.19004
E:\Martin\anaconda\CarND-Behavioral-Cloning-P3\traindata\additional\IMG\center_2018_05_04_15_22_45_913.jpg,E:\Martin\anaconda\CarND-Behavioral-Cloning-P3\traindata\additional\IMG\left_2018_05_04_15_22_45_913.jpg,E:\Martin\anaconda\CarND-Behavioral-Cloning-P3\traindata\additional\IMG\right_2018_05_04_15_22_45_913.jpg,0,1,0,30.19006
E:\Martin\anaconda\CarND-Behavioral-Cloning-P3\traindata\additional\IMG\center_2018_05_04_15_22_45_980.jpg,E:\Martin\anaconda\CarND-Behavioral-Cloning-P3\traindata\additional\IMG\left_2018_05_04_15_22_45_980.jpg,E:\Martin\anaconda\CarND-Behavioral-Cloning-P3\traindata\additional\IMG\right_2018_05_04_15_22_45_980.jpg,0,1,0,30.19007
E:\Martin\anaconda\CarND-Behavioral-Cloning-P3\traindata\additional\IMG\center_2018_05_04_15_22_46_056.jpg,E:\Martin\anaconda\CarND-Behavioral-Cloning-P3\traindata\additional\IMG\left_2018_05_04_15_22_46_056.jpg,E:\Martin\anaconda\CarND-Behavioral-Cloning-P3\traindata\additional\IMG\right_2018_05_04_15_22_46_056.jpg,0,1,0,30.19005
E:\Martin\anaconda\CarND-Behavioral-Cloning-P3\traindata\additional\IMG\center_2018_05_04_15_22_46_124.jpg,E:\Martin\anaconda\CarND-Behavioral-Cloning-P3\traindata\additional\IMG\left_2018_05_04_15_22_46_124.jpg,E:\Martin\anaconda\CarND-Behavioral-Cloning-P3\traindata\additional\IMG\right_2018_05_04_15_22_46_124.jpg,0,1,0,30.19004
E:\Martin\anaconda\CarND-Behavioral-Cloning-P3\traindata\additional\IMG\center_2018_05_04_15_22_46_191.jpg,E:\Martin\anaconda\CarND-Behavioral-Cloning-P3\traindata\additional\IMG\left_2018_05_04_15_22_46_191.jpg,E:\Martin\anaconda\CarND-Behavioral-Cloning-P3\traindata\additional\IMG\right_2018_05_04_15_22_46_191.jpg,0,1,0,30.19007
E:\Martin\anaconda\CarND-Behavioral-Cloning-P3\traindata\additional\IMG\center_2018_05_04_15_22_46_259.jpg,E:\Martin\anaconda\CarND-Behavioral-Cloning-P3\traindata\additional\IMG\left_2018_05_04_15_22_46_259.jpg,E:\Martin\anaconda\CarND-Behavioral-Cloning-P3\traindata\additional\IMG\right_2018_05_04_15_22_46_259.jpg,0.15,1,0,30.1838
E:\Martin\anaconda\CarND-Behavioral-Cloning-P3\traindata\additional\IMG\center_2018_05_04_15_22_46_325.jpg,E:\Martin\anaconda\CarND-Behavioral-Cloning-P3\traindata\additional\IMG\left_2018_05_04_15_22_46_325.jpg,E:\Martin\anaconda\CarND-Behavioral-Cloning-P3\traindata\additional\IMG\right_2018_05_04_15_22_46_325.jpg,0.3,1,0,30.1687
E:\Martin\anaconda\CarND-Behavioral-Cloning-P3\traindata\additional\IMG\center_2018_05_04_15_22_46_403.jpg,E:\Martin\anaconda\CarND-Behavioral-Cloning-P3\traindata\additional\IMG\left_2018_05_04_15_22_46_403.jpg,E:\Martin\anaconda\CarND-Behavioral-Cloning-P3\traindata\additional\IMG\right_2018_05_04_15_22_46_403.jpg,0.5000001,1,0,30.14473
E:\Martin\anaconda\CarND-Behavioral-Cloning-P3\traindata\additional\IMG\center_2018_05_04_15_22_46_471.jpg,E:\Martin\anaconda\CarND-Behavioral-Cloning-P3\traindata\additional\IMG\left_2018_05_04_15_22_46_471.jpg,E:\Martin\anaconda\CarND-Behavioral-Cloning-P3\traindata\additional\IMG\right_2018_05_04_15_22_46_471.jpg,0.3328975,1,0,30.18623
E:\Martin\anaconda\CarND-Behavioral-Cloning-P3\traindata\additional\IMG\center_2018_05_04_15_22_46_538.jpg,E:\Martin\anaconda\CarND-Behavioral-Cloning-P3\traindata\additional\IMG\left_2018_05_04_15_22_46_538.jpg,E:\Martin\anaconda\CarND-Behavioral-Cloning-P3\traindata\additional\IMG\right_2018_05_04_15_22_46_538.jpg,0.1320296,1,0,30.19255
E:\Martin\anaconda\CarND-Behavioral-Cloning-P3\traindata\additional\IMG\center_2018_05_04_15_22_46_605.jpg,E:\Martin\anaconda\CarND-Behavioral-Cloning-P3\traindata\additional\IMG\left_2018_05_04_15_22_46_605.jpg,E:\Martin\anaconda\CarND-Behavioral-Cloning-P3\traindata\additional\IMG\right_2018_05_04_15_22_46_605.jpg,0,1,0,30.1861
E:\Martin\anaconda\CarND-Behavioral-Cloning-P3\traindata\additional\IMG\center_2018_05_04_15_22_46_681.jpg,E:\Martin\anaconda\CarND-Behavioral-Cloning-P3\traindata\additional\IMG\left_2018_05_04_15_22_46_681.jpg,E:\Martin\anaconda\CarND-Behavioral-Cloning-P3\traindata\additional\IMG\right_2018_05_04_15_22_46_681.jpg,0,1,0,30.18901
E:\Martin\anaconda\CarND-Behavioral-Cloning-P3\traindata\additional\IMG\center_2018_05_04_15_22_46_748.jpg,E:\Martin\anaconda\CarND-Behavioral-Cloning-P3\traindata\additional\IMG\left_2018_05_04_15_22_46_748.jpg,E:\Martin\anaconda\CarND-Behavioral-Cloning-P3\traindata\additional\IMG\right_2018_05_04_15_22_46_748.jpg,0,1,0,30.18957
E:\Martin\anaconda\CarND-Behavioral-Cloning-P3\traindata\additional\IMG\center_2018_05_04_15_22_46_824.jpg,E:\Martin\anaconda\CarND-Behavioral-Cloning-P3\traindata\additional\IMG\left_2018_05_04_15_22_46_824.jpg,E:\Martin\anaconda\CarND-Behavioral-Cloning-P3\traindata\additional\IMG\right_2018_05_04_15_22_46_824.jpg,0,1,0,30.18974
E:\Martin\anaconda\CarND-Behavioral-Cloning-P3\traindata\additional\IMG\center_2018_05_04_15_22_46_901.jpg,E:\Martin\anaconda\CarND-Behavioral-Cloning-P3\traindata\additional\IMG\left_2018_05_04_15_22_46_901.jpg,E:\Martin\anaconda\CarND-Behavioral-Cloning-P3\traindata\additional\IMG\right_2018_05_04_15_22_46_901.jpg,0,1,0,30.18975
E:\Martin\anaconda\CarND-Behavioral-Cloning-P3\traindata\additional\IMG\center_2018_05_04_15_22_46_978.jpg,E:\Martin\anaconda\CarND-Behavioral-Cloning-P3\traindata\additional\IMG\left_2018_05_04_15_22_46_978.jpg,E:\Martin\anaconda\CarND-Behavioral-Cloning-P3\traindata\additional\IMG\right_2018_05_04_15_22_46_978.jpg,0,1,0,30.18973
E:\Martin\anaconda\CarND-Behavioral-Cloning-P3\traindata\additional\IMG\center_2018_05_04_15_22_47_053.jpg,E:\Martin\anaconda\CarND-Behavioral-Cloning-P3\traindata\additional\IMG\left_2018_05_04_15_22_47_053.jpg,E:\Martin\anaconda\CarND-Behavioral-Cloning-P3\traindata\additional\IMG\right_2018_05_04_15_22_47_053.jpg,0,1,0,30.18971
E:\Martin\anaconda\CarND-Behavioral-Cloning-P3\traindata\additional\IMG\center_2018_05_04_15_22_47_131.jpg,E:\Martin\anaconda\CarND-Behavioral-Cloning-P3\traindata\additional\IMG\left_2018_05_04_15_22_47_131.jpg,E:\Martin\anaconda\CarND-Behavioral-Cloning-P3\traindata\additional\IMG\right_2018_05_04_15_22_47_131.jpg,0,1,0,30.18972
E:\Martin\anaconda\CarND-Behavioral-Cloning-P3\traindata\additional\IMG\center_2018_05_04_15_22_47_208.jpg,E:\Martin\anaconda\CarND-Behavioral-Cloning-P3\traindata\additional\IMG\left_2018_05_04_15_22_47_208.jpg,E:\Martin\anaconda\CarND-Behavioral-Cloning-P3\traindata\additional\IMG\right_2018_05_04_15_22_47_208.jpg,-0.15,1,0,30.18379
E:\Martin\anaconda\CarND-Behavioral-Cloning-P3\traindata\additional\IMG\center_2018_05_04_15_22_47_284.jpg,E:\Martin\anaconda\CarND-Behavioral-Cloning-P3\traindata\additional\IMG\left_2018_05_04_15_22_47_284.jpg,E:\Martin\anaconda\CarND-Behavioral-Cloning-P3\traindata\additional\IMG\right_2018_05_04_15_22_47_284.jpg,-0.3274093,1,0,30.16657
E:\Martin\anaconda\CarND-Behavioral-Cloning-P3\traindata\additional\IMG\center_2018_05_04_15_22_47_361.jpg,E:\Martin\anaconda\CarND-Behavioral-Cloning-P3\traindata\additional\IMG\left_2018_05_04_15_22_47_361.jpg,E:\Martin\anaconda\CarND-Behavioral-Cloning-P3\traindata\additional\IMG\right_2018_05_04_15_22_47_361.jpg,-0.09721874,1,0,30.19059
E:\Martin\anaconda\CarND-Behavioral-Cloning-P3\traindata\additional\IMG\center_2018_05_04_15_22_47_438.jpg,E:\Martin\anaconda\CarND-Behavioral-Cloning-P3\traindata\additional\IMG\left_2018_05_04_15_22_47_438.jpg,E:\Martin\anaconda\CarND-Behavioral-Cloning-P3\traindata\additional\IMG\right_2018_05_04_15_22_47_438.jpg,0,1,0,30.18881
E:\Martin\anaconda\CarND-Behavioral-Cloning-P3\traindata\additional\IMG\center_2018_05_04_15_22_47_516.jpg,E:\Martin\anaconda\CarND-Behavioral-Cloning-P3\traindata\additional\IMG\left_2018_05_04_15_22_47_516.jpg,E:\Martin\anaconda\CarND-Behavioral-Cloning-P3\traindata\additional\IMG\right_2018_05_04_15_22_47_516.jpg,0,1,0,30.18961
E:\Martin\anaconda\CarND-Behavioral-Cloning-P3\traindata\additional\IMG\center_2018_05_04_15_22_47_582.jpg,E:\Martin\anaconda\CarND-Behavioral-Cloning-P3\traindata\additional\IMG\left_2018_05_04_15_22_47_582.jpg,E:\Martin\anaconda\CarND-Behavioral-Cloning-P3\traindata\additional\IMG\right_2018_05_04_15_22_47_582.jpg,0,1,0,30.18978
E:\Martin\anaconda\CarND-Behavioral-Cloning-P3\traindata\additional\IMG\center_2018_05_04_15_22_47_650.jpg,E:\Martin\anaconda\CarND-Behavioral-Cloning-P3\traindata\additional\IMG\left_2018_05_04_15_22_47_650.jpg,E:\Martin\anaconda\CarND-Behavioral-Cloning-P3\traindata\additional\IMG\right_2018_05_04_15_22_47_650.jpg,0,1,0,30.18981
E:\Martin\anaconda\CarND-Behavioral-Cloning-P3\traindata\additional\IMG\center_2018_05_04_15_22_47_717.jpg,E:\Martin\anaconda\CarND-Behavioral-Cloning-P3\traindata\additional\IMG\left_2018_05_04_15_22_47_717.jpg,E:\Martin\anaconda\CarND-Behavioral-Cloning-P3\traindata\additional\IMG\right_2018_05_04_15_22_47_717.jpg,0,1,0,30.18987
E:\Martin\anaconda\CarND-Behavioral-Cloning-P3\traindata\additional\IMG\center_2018_05_04_15_22_47_909.jpg,E:\Martin\anaconda\CarND-Behavioral-Cloning-P3\traindata\additional\IMG\left_2018_05_04_15_22_47_909.jpg,E:\Martin\anaconda\CarND-Behavioral-Cloning-P3\traindata\additional\IMG\right_2018_05_04_15_22_47_909.jpg,0,1,0,30.18908
E:\Martin\anaconda\CarND-Behavioral-Cloning-P3\traindata\additional\IMG\center_2018_05_04_15_22_59_844.jpg,E:\Martin\anaconda\CarND-Behavioral-Cloning-P3\traindata\additional\IMG\left_2018_05_04_15_22_59_844.jpg,E:\Martin\anaconda\CarND-Behavioral-Cloning-P3\traindata\additional\IMG\right_2018_05_04_15_22_59_844.jpg,-0.2018779,0,0,25.79982
E:\Martin\anaconda\CarND-Behavioral-Cloning-P3\traindata\additional\IMG\center_2018_05_04_15_22_59_920.jpg,E:\Martin\anaconda\CarND-Behavioral-Cloning-P3\traindata\additional\IMG\left_2018_05_04_15_22_59_920.jpg,E:\Martin\anaconda\CarND-Behavioral-Cloning-P3\traindata\additional\IMG\right_2018_05_04_15_22_59_920.jpg,-0.2018779,0,0,25.59013
E:\Martin\anaconda\CarND-Behavioral-Cloning-P3\traindata\additional\IMG\center_2018_05_04_15_22_59_997.jpg,E:\Martin\anaconda\CarND-Behavioral-Cloning-P3\traindata\additional\IMG\left_2018_05_04_15_22_59_997.jpg,E:\Martin\anaconda\CarND-Behavioral-Cloning-P3\traindata\additional\IMG\right_2018_05_04_15_22_59_997.jpg,-0.2018779,0,0,25.38236
E:\Martin\anaconda\CarND-Behavioral-Cloning-P3\traindata\additional\IMG\center_2018_05_04_15_23_00_074.jpg,E:\Martin\anaconda\CarND-Behavioral-Cloning-P3\traindata\additional\IMG\left_2018_05_04_15_23_00_074.jpg,E:\Martin\anaconda\CarND-Behavioral-Cloning-P3\traindata\additional\IMG\right_2018_05_04_15_23_00_074.jpg,-0.2018779,0,0,25.1762
E:\Martin\anaconda\CarND-Behavioral-Cloning-P3\traindata\additional\IMG\center_2018_05_04_15_23_00_151.jpg,E:\Martin\anaconda\CarND-Behavioral-Cloning-P3\traindata\additional\IMG\left_2018_05_04_15_23_00_151.jpg,E:\Martin\anaconda\CarND-Behavioral-Cloning-P3\traindata\additional\IMG\right_2018_05_04_15_23_00_151.jpg,-0.2065728,0,0,24.97104
E:\Martin\anaconda\CarND-Behavioral-Cloning-P3\traindata\additional\IMG\center_2018_05_04_15_23_00_227.jpg,E:\Martin\anaconda\CarND-Behavioral-Cloning-P3\traindata\additional\IMG\left_2018_05_04_15_23_00_227.jpg,E:\Martin\anaconda\CarND-Behavioral-Cloning-P3\traindata\additional\IMG\right_2018_05_04_15_23_00_227.jpg,-0.2112676,0,0,24.81812
E:\Martin\anaconda\CarND-Behavioral-Cloning-P3\traindata\additional\IMG\center_2018_05_04_15_23_00_304.jpg,E:\Martin\anaconda\CarND-Behavioral-Cloning-P3\traindata\additional\IMG\left_2018_05_04_15_23_00_304.jpg,E:\Martin\anaconda\CarND-Behavioral-Cloning-P3\traindata\additional\IMG\right_2018_05_04_15_23_00_304.jpg,-0.2488263,0,0,24.61157
E:\Martin\anaconda\CarND-Behavioral-Cloning-P3\traindata\additional\IMG\center_2018_05_04_15_23_00_379.jpg,E:\Martin\anaconda\CarND-Behavioral-Cloning-P3\traindata\additional\IMG\left_2018_05_04_15_23_00_379.jpg,E:\Martin\anaconda\CarND-Behavioral-Cloning-P3\traindata\additional\IMG\right_2018_05_04_15_23_00_379.jpg,-0.3474178,0,0,24.37927
E:\Martin\anaconda\CarND-Behavioral-Cloning-P3\traindata\additional\IMG\center_2018_05_04_15_23_00_455.jpg,E:\Martin\anaconda\CarND-Behavioral-Cloning-P3\traindata\additional\IMG\left_2018_05_04_15_23_00_455.jpg,E:\Martin\anaconda\CarND-Behavioral-Cloning-P3\traindata\additional\IMG\right_2018_05_04_15_23_00_455.jpg,-0.3521127,0,0,24.15831
E:\Martin\anaconda\CarND-Behavioral-Cloning-P3\traindata\additional\IMG\center_2018_05_04_15_23_00_532.jpg,E:\Martin\anaconda\CarND-Behavioral-Cloning-P3\traindata\additional\IMG\left_2018_05_04_15_23_00_532.jpg,E:\Martin\anaconda\CarND-Behavioral-Cloning-P3\traindata\additional\IMG\right_2018_05_04_15_23_00_532.jpg,-0.3568075,0,0,23.94736
E:\Martin\anaconda\CarND-Behavioral-Cloning-P3\traindata\additional\IMG\center_2018_05_04_15_23_00_606.jpg,E:\Martin\anaconda\CarND-Behavioral-Cloning-P3\traindata\additional\IMG\left_2018_05_04_15_23_00_606.jpg,E:\Martin\anaconda\CarND-Behavioral-Cloning-P3\traindata\additional\IMG\right_2018_05_04_15_23_00_606.jpg,-0.3568075,0,0,23.79426
E:\Martin\anaconda\CarND-Behavioral-Cloning-P3\traindata\additional\IMG\center_2018_05_04_15_23_00_681.jpg,E:\Martin\anaconda\CarND-Behavioral-Cloning-P3\traindata\additional\IMG\left_2018_05_04_15_23_00_681.jpg,E:\Martin\anaconda\CarND-Behavioral-Cloning-P3\traindata\additional\IMG\right_2018_05_04_15_23_00_681.jpg,-0.3661972,0,0,23.59277
E:\Martin\anaconda\CarND-Behavioral-Cloning-P3\traindata\additional\IMG\center_2018_05_04_15_23_00_757.jpg,E:\Martin\anaconda\CarND-Behavioral-Cloning-P3\traindata\additional\IMG\left_2018_05_04_15_23_00_757.jpg,E:\Martin\anaconda\CarND-Behavioral-Cloning-P3\traindata\additional\IMG\right_2018_05_04_15_23_00_757.jpg,-0.370892,0,0,23.39416
E:\Martin\anaconda\CarND-Behavioral-Cloning-P3\traindata\additional\IMG\center_2018_05_04_15_23_00_832.jpg,E:\Martin\anaconda\CarND-Behavioral-Cloning-P3\traindata\additional\IMG\left_2018_05_04_15_23_00_832.jpg,E:\Martin\anaconda\CarND-Behavioral-Cloning-P3\traindata\additional\IMG\right_2018_05_04_15_23_00_832.jpg,-0.4037559,0,0,23.18928
E:\Martin\anaconda\CarND-Behavioral-Cloning-P3\traindata\additional\IMG\center_2018_05_04_15_23_00_908.jpg,E:\Martin\anaconda\CarND-Behavioral-Cloning-P3\traindata\additional\IMG\left_2018_05_04_15_23_00_908.jpg,E:\Martin\anaconda\CarND-Behavioral-Cloning-P3\traindata\additional\IMG\right_2018_05_04_15_23_00_908.jpg,-0.4037559,0,0,23.03945
E:\Martin\anaconda\CarND-Behavioral-Cloning-P3\traindata\additional\IMG\center_2018_05_04_15_23_00_984.jpg,E:\Martin\anaconda\CarND-Behavioral-Cloning-P3\traindata\additional\IMG\left_2018_05_04_15_23_00_984.jpg,E:\Martin\anaconda\CarND-Behavioral-Cloning-P3\traindata\additional\IMG\right_2018_05_04_15_23_00_984.jpg,-0.4037559,0,0,22.84443
E:\Martin\anaconda\CarND-Behavioral-Cloning-P3\traindata\additional\IMG\center_2018_05_04_15_23_01_061.jpg,E:\Martin\anaconda\CarND-Behavioral-Cloning-P3\traindata\additional\IMG\left_2018_05_04_15_23_01_061.jpg,E:\Martin\anaconda\CarND-Behavioral-Cloning-P3\traindata\additional\IMG\right_2018_05_04_15_23_01_061.jpg,-0.3943662,0,0,22.65526
E:\Martin\anaconda\CarND-Behavioral-Cloning-P3\traindata\additional\IMG\center_2018_05_04_15_23_01_137.jpg,E:\Martin\anaconda\CarND-Behavioral-Cloning-P3\traindata\additional\IMG\left_2018_05_04_15_23_01_137.jpg,E:\Martin\anaconda\CarND-Behavioral-Cloning-P3\traindata\additional\IMG\right_2018_05_04_15_23_01_137.jpg,-0.3849765,0,0,22.47066
E:\Martin\anaconda\CarND-Behavioral-Cloning-P3\traindata\additional\IMG\center_2018_05_04_15_23_01_214.jpg,E:\Martin\anaconda\CarND-Behavioral-Cloning-P3\traindata\additional\IMG\left_2018_05_04_15_23_01_214.jpg,E:\Martin\anaconda\CarND-Behavioral-Cloning-P3\traindata\additional\IMG\right_2018_05_04_15_23_01_214.jpg,-0.3755869,0,0,22.28869
E:\Martin\anaconda\CarND-Behavioral-Cloning-P3\traindata\additional\IMG\center_2018_05_04_15_23_01_290.jpg,E:\Martin\anaconda\CarND-Behavioral-Cloning-P3\traindata\additional\IMG\left_2018_05_04_15_23_01_290.jpg,E:\Martin\anaconda\CarND-Behavioral-Cloning-P3\traindata\additional\IMG\right_2018_05_04_15_23_01_290.jpg,-0.3568075,0,0,22.15498
E:\Martin\anaconda\CarND-Behavioral-Cloning-P3\traindata\additional\IMG\center_2018_05_04_15_23_01_366.jpg,E:\Martin\anaconda\CarND-Behavioral-Cloning-P3\traindata\additional\IMG\left_2018_05_04_15_23_01_366.jpg,E:\Martin\anaconda\CarND-Behavioral-Cloning-P3\traindata\additional\IMG\right_2018_05_04_15_23_01_366.jpg,-0.3004695,0,0,21.98403
E:\Martin\anaconda\CarND-Behavioral-Cloning-P3\traindata\additional\IMG\center_2018_05_04_15_23_01_541.jpg,E:\Martin\anaconda\CarND-Behavioral-Cloning-P3\traindata\additional\IMG\left_2018_05_04_15_23_01_541.jpg,E:\Martin\anaconda\CarND-Behavioral-Cloning-P3\traindata\additional\IMG\right_2018_05_04_15_23_01_541.jpg,-0.3004695,0,0,20.63278
